{"stats":{"minecraft:killed":{"minecraft:spider":5,"minecraft:skeleton":40,"minecraft:chicken":11,"minecraft:illusioner":1,"minecraft:piglin_brute":6,"minecraft:piglin":2,"minecraft:pig":5,"minecraft:zombie_villager":2,"minecraft:creeper":1,"minecraft:sheep":7,"minecraft:zombie":21,"minecraft:glow_squid":1,"minecraft:cow":12,"minecraft:vindicator":2,"minecraft:husk":46,"minecraft:hoglin":4,"minecraft:wither_skeleton":1,"minecraft:enderman":3},"minecraft:crafted":{"minecraft:oak_planks":24,"gobber2:gobber2_paxel":1,"gobber2:gobber2_leggings":1,"minecraft:cooked_chicken":5,"gobber2:gobber2_chestplate":1,"minecraft:cooked_mutton":2,"minecraft:diamond_helmet":1,"minecraft:bow":1,"minecraft:iron_boots":1,"minecraft:chest":4,"gobber2:gobber2_pickaxe":1,"minecraft:golden_boots":1,"minecraft:crafting_table":3,"minecraft:spruce_planks":200,"gobber2:gobber2_axe":1,"minecraft:iron_helmet":1,"gobber2:gobber2_rod":8,"minecraft:iron_chestplate":1,"minecraft:charcoal":2,"minecraft:diamond_pickaxe":2,"minecraft:shield":1,"minecraft:stick":280,"minecraft:iron_ingot":121,"minecraft:iron_pickaxe":6,"minecraft:gold_ingot":23,"minecraft:coal":162,"gobber2:gobber2_shovel":1,"minecraft:iron_nugget":18,"minecraft:furnace":5,"gobber2:gobber2_helmet":1,"minecraft:iron_axe":1,"gobber2:gobber2_boots":1,"minecraft:stone_pickaxe":1,"minecraft:golden_helmet":2,"minecraft:wheat":9,"minecraft:cooked_beef":8,"gobber2:gobber2_sword":1,"minecraft:cooked_cod":8,"minecraft:iron_sword":1,"minecraft:cooked_salmon":25,"minecraft:bucket":2,"minecraft:stone_axe":1,"minecraft:bread":3,"minecraft:air":0,"minecraft:iron_leggings":1,"minecraft:white_bed":1,"minecraft:torch":284,"minecraft:lapis_lazuli":9},"minecraft:picked_up":{"minecraft:music_disc_strad":2,"minecraft:birch_door":1,"minecraft:iron_chestplate":3,"minecraft:black_carpet":1,"minecraft:iron_trapdoor":2,"minecraft:wither_rose":1,"minecraft:string":2,"minecraft:cooked_salmon":14,"minecraft:iron_leggings":2,"minecraft:beetroot_soup":1,"gobber2:gobber2_glass_nether":1,"minecraft:pufferfish":1,"minecraft:cobbled_deepslate":904,"minecraft:spruce_planks":7,"minecraft:calcite":2,"minecraft:iron_pickaxe":2,"minecraft:coal_block":16,"minecraft:furnace":2,"minecraft:stick":8,"minecraft:jukebox":1,"minecraft:polished_deepslate_stairs":1,"minecraft:torch":65,"minecraft:spruce_stairs":2,"minecraft:porkchop":30,"minecraft:golden_axe":1,"minecraft:diorite":2,"minecraft:golden_chestplate":1,"gobber2:gobber2_foo":2,"minecraft:rotten_flesh":80,"minecraft:tropical_fish":4,"minecraft:obsidian":1,"minecraft:cod":8,"minecraft:cobblestone":160,"minecraft:magma_block":20,"minecraft:feather":40,"minecraft:andesite":23,"minecraft:brown_wool":1,"minecraft:potato":1,"alexscaves:cave_book":1,"minecraft:flint":3,"minecraft:tuff":492,"gobber2:gobber2_gooey_bread_nether":1,"minecraft:lapis_lazuli":40,"minecraft:dirt":27,"minecraft:bone":52,"minecraft:bow":2,"gobber2:gobber2_gooey_beef":2,"minecraft:wheat_seeds":1,"minecraft:raw_gold":23,"minecraft:cyan_candle":6,"minecraft:moss_block":1,"gobber2:gobber2_gooey_bread":2,"minecraft:sand":9,"minecraft:grass_block":1,"minecraft:cyan_bed":5,"minecraft:mossy_cobblestone":4,"minecraft:dark_prismarine":1,"minecraft:sugar":1,"minecraft:diamond":52,"minecraft:soul_lantern":1,"minecraft:cracked_polished_blackstone_bricks":5,"minecraft:golden_apple":1,"minecraft:emerald":3,"minecraft:netherrack":248,"minecraft:crimson_roots":3,"gobber2:gobber2_goo":5,"minecraft:crafting_table":4,"minecraft:charcoal":23,"minecraft:coarse_dirt":1,"minecraft:chicken":15,"gobber2:gobber2_rod":1,"minecraft:wooden_pickaxe":1,"usefulbackpacks:backpack_medium":1,"minecraft:chain":1,"minecraft:shield":1,"minecraft:item_frame":3,"minecraft:iron_shovel":1,"minecraft:blackstone":6,"minecraft:cyan_carpet":2,"minecraft:cartography_table":1,"minecraft:beef":18,"minecraft:light_gray_wool":1,"minecraft:sugar_cane":4,"minecraft:egg":4,"minecraft:raw_iron":136,"minecraft:stripped_mangrove_wood":3,"minecraft:polished_blackstone_bricks":23,"minecraft:mangrove_sign":1,"minecraft:carrot":2,"minecraft:redstone":201,"minecraft:netherite_pickaxe":1,"minecraft:mangrove_trapdoor":5,"minecraft:arrow":95,"minecraft:deepslate_bricks":1,"minecraft:hay_block":1,"alexscaves:spelunkery_table":2,"minecraft:yellow_terracotta":1,"minecraft:gold_ingot":5,"minecraft:glow_berries":14,"minecraft:mutton":12,"minecraft:white_wool":12,"minecraft:basalt":5,"minecraft:glow_ink_sac":3,"gobber2:gobber2_ingot":54,"minecraft:leather":10,"minecraft:red_mushroom":6,"minecraft:filled_map":1,"minecraft:oak_log":6,"minecraft:gunpowder":1,"minecraft:white_banner":1,"minecraft:gray_carpet":3,"minecraft:iron_ingot":9,"minecraft:cooked_chicken":2,"minecraft:soul_sand":1,"minecraft:iron_sword":3,"minecraft:book":105,"minecraft:polished_andesite_stairs":2,"minecraft:pumpkin":8,"minecraft:sweet_berries":1,"minecraft:quartz":124,"minecraft:gravel":59,"minecraft:amethyst_shard":8,"minecraft:spruce_sapling":5,"minecraft:white_bed":1,"minecraft:spruce_log":106,"minecraft:spruce_door":6,"minecraft:spider_eye":1,"minecraft:leather_helmet":1,"minecraft:painting":2,"minecraft:gray_wool":3,"alexscaves:cave_map":1,"gobber2:gobber2_goo_nether":2,"minecraft:coal":266,"minecraft:ender_pearl":2},"minecraft:used":{"minecraft:beetroot":5,"gobber2:gobber2_gooey_bread":2,"minecraft:chest":4,"minecraft:shield":9,"minecraft:iron_sword":568,"minecraft:iron_chestplate":2,"minecraft:carrot":11,"gobber2:gobber2_glass_nether":1,"minecraft:tuff":108,"minecraft:obsidian":11,"minecraft:bow":6,"minecraft:furnace":7,"minecraft:cooked_cod":3,"minecraft:egg":1,"minecraft:stone_pickaxe":107,"minecraft:wooden_pickaxe":12,"minecraft:sugar_cane":4,"minecraft:stripped_mangrove_wood":1,"minecraft:glow_berries":32,"alexscaves:cave_book":1,"minecraft:mushroom_stew":6,"minecraft:crossbow":16,"minecraft:cyan_bed":3,"minecraft:bread":3,"minecraft:gravel":21,"minecraft:soul_lantern":1,"minecraft:diamond_sword":149,"minecraft:andesite":4,"minecraft:experience_bottle":48,"gobber2:gobber2_paxel":1,"minecraft:flint_and_steel":1,"minecraft:spruce_planks":25,"minecraft:cooked_salmon":25,"minecraft:cooked_chicken":7,"minecraft:netherrack":312,"minecraft:torch":268,"minecraft:dirt":9,"minecraft:spruce_stairs":1,"minecraft:iron_axe":145,"gobber2:gobber2_gooey_beef":2,"alexscaves:spelunkery_table":2,"minecraft:basalt":1,"minecraft:golden_carrot":9,"gobber2:gobber2_sword":3,"minecraft:netherite_pickaxe":27,"minecraft:cooked_beef":1,"minecraft:cobbled_deepslate":67,"minecraft:iron_leggings":1,"minecraft:beetroot_soup":1,"minecraft:cooked_mutton":2,"minecraft:water_bucket":15,"minecraft:polished_blackstone_bricks":9,"minecraft:crafting_table":7,"minecraft:white_bed":2,"minecraft:mangrove_sign":1,"minecraft:cake":3,"minecraft:dark_prismarine":1,"minecraft:diamond_pickaxe":1920,"minecraft:apple":15,"minecraft:iron_pickaxe":1493,"minecraft:spruce_sapling":1,"minecraft:stone_axe":93,"minecraft:cobblestone":75,"minecraft:porkchop":2,"minecraft:cooked_porkchop":35,"minecraft:bucket":16},"minecraft:mined":{"minecraft:dark_oak_planks":2,"minecraft:spruce_planks":1,"minecraft:white_bed":1,"minecraft:obsidian":1,"minecraft:cave_vines_plant":10,"minecraft:grass_block":2,"gobber2:gobber2_lucky_block":11,"minecraft:cracked_polished_blackstone_bricks":7,"minecraft:coal_block":11,"minecraft:spawner":9,"minecraft:smooth_stone":2,"minecraft:polished_blackstone_bricks":24,"minecraft:magma_block":19,"minecraft:iron_ore":27,"minecraft:fire":1,"minecraft:pumpkin":4,"minecraft:black_carpet":1,"minecraft:deepslate_lapis_ore":6,"minecraft:cave_vines":21,"minecraft:azalea":1,"minecraft:white_banner":1,"minecraft:stripped_mangrove_wood":3,"minecraft:deepslate_redstone_ore":102,"minecraft:blackstone":7,"minecraft:crimson_nylium":19,"minecraft:soul_lantern":1,"minecraft:torch":38,"minecraft:calcite":1,"minecraft:polished_andesite_stairs":1,"gobber2:gobber2_lucky_block_nether":4,"minecraft:nether_quartz_ore":145,"minecraft:cobblestone":18,"minecraft:cyan_bed":5,"minecraft:sugar_cane":3,"minecraft:wall_torch":10,"minecraft:chain":2,"minecraft:jukebox":1,"minecraft:grass":1,"minecraft:oak_log":6,"minecraft:dirt":2,"minecraft:netherrack":269,"minecraft:oak_leaves":1,"minecraft:cyan_candle":3,"minecraft:deepslate":1464,"minecraft:dark_prismarine":1,"minecraft:yellow_terracotta":1,"minecraft:nether_gold_ore":7,"alexscaves:spelunkery_table":2,"minecraft:tuff":797,"minecraft:mossy_cobblestone":11,"minecraft:dark_oak_leaves":4,"minecraft:deepslate_diamond_ore":52,"minecraft:glow_lichen":1,"gravestone:gravestone":3,"minecraft:crimson_roots":1,"minecraft:mangrove_trapdoor":3,"minecraft:spruce_leaves":47,"minecraft:cartography_table":1,"minecraft:moss_block":1,"minecraft:red_mushroom":3,"minecraft:hay_block":1,"minecraft:redstone_ore":1,"minecraft:furnace":2,"minecraft:andesite":14,"minecraft:bookshelf":38,"minecraft:deepslate_iron_ore":95,"minecraft:stone":150,"minecraft:cake":3,"minecraft:basalt":4,"minecraft:crafting_table":3,"minecraft:emerald_ore":1,"minecraft:campfire":11,"minecraft:tall_grass":1,"minecraft:deepslate_gold_ore":23,"minecraft:spruce_stairs":2,"minecraft:spruce_log":104,"gobber2:gobber2_lucky_block_deepslate":6,"minecraft:coal_ore":119,"minecraft:gravel":40,"minecraft:stone_bricks":1,"minecraft:gold_ore":3,"minecraft:iron_trapdoor":1,"minecraft:fern":3},"minecraft:killed_by":{"minecraft:piglin_brute":1,"minecraft:creeper":1,"minecraft:hoglin":1,"minecraft:skeleton":1},"minecraft:broken":{"minecraft:iron_sword":1,"minecraft:leather_helmet":1,"minecraft:iron_pickaxe":5},"minecraft:custom":{"minecraft:interact_with_crafting_table":60,"minecraft:open_barrel":49,"minecraft:eat_cake_slice":31,"minecraft:leave_game":5,"minecraft:time_since_death":89604,"minecraft:sprint_one_cm":547821,"minecraft:damage_blocked_by_shield":320,"minecraft:drop":75,"minecraft:talked_to_villager":2,"minecraft:play_time":555130,"minecraft:deaths":5,"minecraft:jump":6355,"minecraft:walk_on_water_one_cm":86031,"minecraft:enchant_item":1,"minecraft:interact_with_furnace":113,"minecraft:interact_with_loom":5,"minecraft:sleep_in_bed":6,"minecraft:damage_dealt":35699,"minecraft:crouch_one_cm":40351,"minecraft:interact_with_smithing_table":3,"minecraft:mob_kills":172,"minecraft:interact_with_anvil":3,"minecraft:damage_dealt_resisted":76,"minecraft:climb_one_cm":32361,"minecraft:walk_one_cm":1448465,"minecraft:sneak_time":17157,"minecraft:walk_under_water_one_cm":53379,"minecraft:boat_one_cm":357427,"minecraft:interact_with_blast_furnace":13,"minecraft:total_world_time":555130,"minecraft:time_since_rest":81576,"minecraft:damage_taken":9757,"minecraft:swim_one_cm":28720,"minecraft:fly_one_cm":690321,"minecraft:open_chest":304,"minecraft:fall_one_cm":132041},"minecraft:dropped":{"minecraft:iron_sword":1,"minecraft:stripped_mangrove_wood":2,"minecraft:netherite_upgrade_smithing_template":1,"minecraft:red_mushroom":3,"minecraft:snout_armor_trim_smithing_template":1,"alexscaves:cave_map":1,"minecraft:bone_meal":1,"minecraft:sand":8,"minecraft:white_wool":1,"minecraft:gold_ingot":5,"minecraft:bone":12,"minecraft:gravel":22,"minecraft:blackstone":2,"minecraft:cobbled_deepslate":769,"minecraft:black_carpet":1,"minecraft:rotten_flesh":13,"minecraft:carrot":1,"alexscaves:cave_book":1,"minecraft:gunpowder":1,"minecraft:arrow":47,"minecraft:egg":2,"minecraft:netherite_pickaxe":1,"minecraft:golden_helmet":1,"minecraft:wheat_seeds":1,"gobber2:gobber2_foo":2,"minecraft:mangrove_trapdoor":2,"minecraft:yellow_terracotta":1,"minecraft:grass_block":1,"minecraft:stick":6,"minecraft:gray_wool":3,"minecraft:iron_trapdoor":2,"minecraft:torch":3,"minecraft:brown_wool":1,"minecraft:polished_andesite_stairs":2,"minecraft:string":2,"minecraft:redstone":13,"minecraft:sweet_berries":1,"minecraft:coarse_dirt":1,"minecraft:bowl":3,"minecraft:tuff":320,"minecraft:light_gray_wool":1,"minecraft:polished_deepslate_stairs":1,"minecraft:andesite":19,"minecraft:wooden_pickaxe":1,"minecraft:magma_block":10}},"DataVersion":3465}