{"stats":{"minecraft:broken":{"minecraft:leather_helmet":1},"minecraft:crafted":{"minecraft:oak_planks":24,"minecraft:cooked_chicken":5,"minecraft:furnace":2,"minecraft:cooked_mutton":2,"minecraft:stone_pickaxe":1,"minecraft:chest":2,"minecraft:wheat":9,"minecraft:crafting_table":1,"minecraft:spruce_planks":12,"minecraft:cooked_salmon":25,"minecraft:stone_axe":1,"minecraft:bread":3,"minecraft:air":0,"minecraft:charcoal":2,"minecraft:stick":12,"minecraft:white_bed":1,"minecraft:torch":28},"minecraft:killed":{"minecraft:vindicator":1,"minecraft:spider":2,"minecraft:skeleton":20,"minecraft:chicken":11,"minecraft:illusioner":1,"minecraft:pig":5,"minecraft:sheep":7,"minecraft:zombie":4,"minecraft:cow":8},"minecraft:used":{"minecraft:beetroot":5,"minecraft:chest":2,"minecraft:iron_sword":174,"minecraft:cooked_salmon":11,"minecraft:cooked_chicken":7,"minecraft:torch":7,"minecraft:dirt":4,"minecraft:furnace":2,"minecraft:egg":1,"minecraft:beetroot_soup":1,"minecraft:cooked_mutton":2,"minecraft:stone_pickaxe":107,"minecraft:wooden_pickaxe":12,"minecraft:sugar_cane":4,"minecraft:stripped_mangrove_wood":1,"minecraft:crafting_table":3,"minecraft:mushroom_stew":6,"minecraft:white_bed":2,"minecraft:cake":1,"minecraft:apple":3,"minecraft:cyan_bed":3,"minecraft:bread":3,"minecraft:soul_lantern":1,"minecraft:stone_axe":68,"minecraft:cobblestone":3},"minecraft:picked_up":{"minecraft:crafting_table":2,"minecraft:charcoal":21,"minecraft:music_disc_strad":2,"minecraft:iron_chestplate":1,"minecraft:chicken":15,"minecraft:iron_trapdoor":2,"minecraft:wooden_pickaxe":1,"minecraft:wither_rose":1,"minecraft:string":2,"minecraft:cooked_salmon":13,"minecraft:iron_leggings":1,"minecraft:beetroot_soup":1,"minecraft:item_frame":3,"minecraft:pufferfish":1,"minecraft:blackstone":1,"minecraft:beef":10,"minecraft:iron_pickaxe":1,"minecraft:light_gray_wool":1,"minecraft:coal_block":8,"minecraft:sugar_cane":4,"minecraft:egg":4,"minecraft:stick":1,"minecraft:raw_iron":1,"minecraft:stripped_mangrove_wood":3,"minecraft:torch":1,"minecraft:porkchop":13,"minecraft:mangrove_trapdoor":5,"minecraft:arrow":73,"minecraft:rotten_flesh":10,"minecraft:tropical_fish":1,"minecraft:hay_block":1,"minecraft:gold_ingot":5,"minecraft:mutton":12,"minecraft:cobblestone":48,"minecraft:cod":8,"minecraft:white_wool":12,"minecraft:magma_block":15,"minecraft:feather":40,"minecraft:brown_wool":1,"minecraft:leather":6,"minecraft:red_mushroom":6,"minecraft:filled_map":1,"minecraft:oak_log":6,"minecraft:gunpowder":1,"minecraft:dirt":4,"minecraft:bone":31,"minecraft:bow":1,"minecraft:wheat_seeds":1,"minecraft:iron_ingot":8,"minecraft:cooked_chicken":2,"minecraft:cyan_candle":3,"minecraft:iron_sword":2,"minecraft:book":102,"minecraft:polished_andesite_stairs":2,"minecraft:pumpkin":8,"minecraft:gravel":1,"minecraft:sand":9,"minecraft:amethyst_shard":8,"minecraft:white_bed":1,"minecraft:spruce_log":7,"minecraft:cyan_bed":5,"minecraft:mossy_cobblestone":4,"minecraft:leather_helmet":1,"minecraft:sugar":1,"minecraft:soul_lantern":1,"minecraft:painting":2,"minecraft:golden_apple":1,"minecraft:gray_wool":3,"minecraft:emerald":1,"minecraft:coal":62},"minecraft:mined":{"minecraft:white_bed":1,"minecraft:mossy_cobblestone":11,"minecraft:grass_block":2,"minecraft:coal_block":4,"minecraft:mangrove_trapdoor":3,"minecraft:red_mushroom":3,"minecraft:spawner":5,"minecraft:hay_block":1,"minecraft:magma_block":5,"minecraft:pumpkin":4,"minecraft:bookshelf":38,"minecraft:deepslate_iron_ore":1,"minecraft:stone":43,"minecraft:stripped_mangrove_wood":3,"minecraft:blackstone":1,"minecraft:soul_lantern":1,"minecraft:crafting_table":1,"minecraft:polished_andesite_stairs":1,"minecraft:campfire":5,"minecraft:cobblestone":4,"minecraft:cyan_bed":5,"minecraft:sugar_cane":3,"minecraft:spruce_log":7,"minecraft:grass":1,"minecraft:coal_ore":29,"minecraft:oak_log":6,"minecraft:gravel":1,"minecraft:dirt":2,"minecraft:stone_bricks":1,"minecraft:oak_leaves":1,"minecraft:iron_trapdoor":1,"minecraft:cyan_candle":2,"minecraft:fern":3},"minecraft:dropped":{"minecraft:iron_sword":1,"minecraft:stripped_mangrove_wood":2,"minecraft:wheat_seeds":1,"minecraft:mangrove_trapdoor":2,"minecraft:red_mushroom":3,"minecraft:gray_wool":3,"minecraft:iron_trapdoor":2,"minecraft:torch":3,"minecraft:brown_wool":1,"minecraft:bone_meal":1,"minecraft:polished_andesite_stairs":2,"minecraft:sand":8,"minecraft:string":2,"minecraft:white_wool":1,"minecraft:bone":8,"minecraft:blackstone":1,"minecraft:bowl":3,"minecraft:light_gray_wool":1,"minecraft:gunpowder":1,"minecraft:arrow":47,"minecraft:wooden_pickaxe":1,"minecraft:magma_block":10,"minecraft:egg":2},"minecraft:custom":{"minecraft:mob_kills":60,"minecraft:interact_with_crafting_table":24,"minecraft:open_barrel":19,"minecraft:eat_cake_slice":10,"minecraft:leave_game":1,"minecraft:time_since_death":114193,"minecraft:climb_one_cm":26477,"minecraft:sprint_one_cm":152803,"minecraft:walk_one_cm":367454,"minecraft:drop":33,"minecraft:play_time":114193,"minecraft:sneak_time":215,"minecraft:walk_under_water_one_cm":9648,"minecraft:boat_one_cm":292761,"minecraft:jump":1513,"minecraft:interact_with_blast_furnace":3,"minecraft:walk_on_water_one_cm":21058,"minecraft:total_world_time":114193,"minecraft:interact_with_furnace":21,"minecraft:sleep_in_bed":3,"minecraft:time_since_rest":32403,"minecraft:damage_taken":2139,"minecraft:damage_dealt":7329,"minecraft:swim_one_cm":10136,"minecraft:fly_one_cm":277778,"minecraft:open_chest":24,"minecraft:crouch_one_cm":242,"minecraft:fall_one_cm":28610}},"DataVersion":3465}