{"stats":{"minecraft:crafted":{"minecraft:oak_planks":24,"minecraft:spruce_planks":12,"minecraft:cooked_chicken":5,"minecraft:furnace":1,"minecraft:stone_axe":1,"minecraft:cooked_mutton":2,"minecraft:air":0,"minecraft:charcoal":2,"minecraft:stick":8,"minecraft:stone_pickaxe":1,"minecraft:chest":1,"minecraft:white_bed":1,"minecraft:torch":12},"minecraft:killed":{"minecraft:sheep":2,"minecraft:skeleton":10,"minecraft:chicken":7},"minecraft:used":{"minecraft:cooked_mutton":2,"minecraft:stone_pickaxe":88,"minecraft:chest":1,"minecraft:wooden_pickaxe":12,"minecraft:iron_sword":38,"minecraft:sugar_cane":4,"minecraft:cooked_chicken":4,"minecraft:torch":1,"minecraft:dirt":4,"minecraft:crafting_table":2,"minecraft:mushroom_stew":3,"minecraft:white_bed":2,"minecraft:cake":1,"minecraft:soul_lantern":1,"minecraft:stone_axe":36,"minecraft:cobblestone":1,"minecraft:furnace":1,"minecraft:egg":1},"minecraft:picked_up":{"minecraft:music_disc_strad":1,"minecraft:magma_block":5,"minecraft:charcoal":9,"minecraft:crafting_table":2,"minecraft:feather":9,"minecraft:chicken":7,"minecraft:iron_trapdoor":1,"minecraft:brown_wool":1,"minecraft:wooden_pickaxe":1,"minecraft:oak_log":6,"minecraft:gunpowder":1,"minecraft:dirt":4,"minecraft:iron_leggings":1,"minecraft:bone":12,"minecraft:cooked_chicken":2,"minecraft:light_gray_wool":1,"minecraft:sugar_cane":4,"minecraft:coal_block":4,"minecraft:iron_sword":1,"minecraft:egg":1,"minecraft:book":30,"minecraft:polished_andesite_stairs":1,"minecraft:stick":1,"minecraft:gravel":1,"minecraft:white_bed":1,"minecraft:spruce_log":7,"minecraft:cyan_bed":2,"minecraft:mangrove_trapdoor":3,"minecraft:arrow":12,"minecraft:rotten_flesh":1,"minecraft:soul_lantern":1,"minecraft:painting":1,"minecraft:gray_wool":1,"minecraft:mutton":2,"minecraft:coal":30,"minecraft:white_wool":4,"minecraft:cobblestone":47},"minecraft:mined":{"minecraft:white_bed":1,"minecraft:soul_lantern":1,"minecraft:crafting_table":1,"minecraft:grass_block":2,"minecraft:polished_andesite_stairs":1,"minecraft:campfire":4,"minecraft:coal_block":4,"minecraft:mangrove_trapdoor":3,"minecraft:cobblestone":3,"minecraft:cyan_bed":2,"minecraft:sugar_cane":3,"minecraft:spawner":3,"minecraft:magma_block":5,"minecraft:spruce_log":7,"minecraft:grass":1,"minecraft:bookshelf":12,"minecraft:oak_log":6,"minecraft:coal_ore":29,"minecraft:gravel":1,"minecraft:dirt":2,"minecraft:stone":43,"minecraft:iron_trapdoor":1,"minecraft:oak_leaves":1},"minecraft:dropped":{"minecraft:bowl":1,"minecraft:light_gray_wool":1,"minecraft:gray_wool":1,"minecraft:brown_wool":1,"minecraft:white_wool":1},"minecraft:custom":{"minecraft:interact_with_furnace":12,"minecraft:mob_kills":20,"minecraft:interact_with_crafting_table":16,"minecraft:open_barrel":11,"minecraft:eat_cake_slice":3,"minecraft:leave_game":1,"minecraft:time_since_death":42193,"minecraft:sleep_in_bed":1,"minecraft:climb_one_cm":628,"minecraft:time_since_rest":19531,"minecraft:sprint_one_cm":51118,"minecraft:damage_taken":703,"minecraft:walk_one_cm":159886,"minecraft:drop":5,"minecraft:damage_dealt":2258,"minecraft:swim_one_cm":3561,"minecraft:fly_one_cm":51910,"minecraft:open_chest":3,"minecraft:play_time":42193,"minecraft:walk_under_water_one_cm":739,"minecraft:jump":434,"minecraft:interact_with_blast_furnace":3,"minecraft:walk_on_water_one_cm":2407,"minecraft:total_world_time":42193,"minecraft:fall_one_cm":9067}},"DataVersion":3465}