{"stats":{"minecraft:crafted":{"minecraft:oak_planks":24,"minecraft:crafting_table":1,"minecraft:spruce_planks":12,"minecraft:cooked_chicken":5,"minecraft:furnace":2,"minecraft:cooked_salmon":11,"minecraft:stone_axe":1,"minecraft:bread":3,"minecraft:cooked_mutton":2,"minecraft:air":0,"minecraft:charcoal":2,"minecraft:stick":12,"minecraft:stone_pickaxe":1,"minecraft:chest":2,"minecraft:white_bed":1,"minecraft:torch":28,"minecraft:wheat":9},"minecraft:killed":{"minecraft:pig":4,"minecraft:sheep":7,"minecraft:skeleton":12,"minecraft:chicken":11,"minecraft:cow":4},"minecraft:used":{"minecraft:beetroot":5,"minecraft:cooked_mutton":2,"minecraft:stone_pickaxe":93,"minecraft:chest":2,"minecraft:wooden_pickaxe":12,"minecraft:iron_sword":89,"minecraft:sugar_cane":4,"minecraft:cooked_chicken":7,"minecraft:stripped_mangrove_wood":1,"minecraft:torch":5,"minecraft:dirt":4,"minecraft:crafting_table":3,"minecraft:mushroom_stew":6,"minecraft:white_bed":2,"minecraft:cake":1,"minecraft:bread":2,"minecraft:cyan_bed":2,"minecraft:soul_lantern":1,"minecraft:stone_axe":68,"minecraft:cobblestone":1,"minecraft:furnace":2,"minecraft:egg":1,"minecraft:beetroot_soup":1},"minecraft:picked_up":{"minecraft:iron_chestplate":1,"minecraft:music_disc_strad":1,"minecraft:magma_block":5,"minecraft:charcoal":11,"minecraft:crafting_table":2,"minecraft:feather":16,"minecraft:chicken":11,"minecraft:iron_trapdoor":2,"minecraft:leather":4,"minecraft:brown_wool":1,"minecraft:wooden_pickaxe":1,"minecraft:red_mushroom":6,"minecraft:wither_rose":1,"minecraft:oak_log":6,"minecraft:gunpowder":1,"minecraft:dirt":4,"minecraft:beetroot_soup":1,"minecraft:item_frame":3,"minecraft:iron_leggings":1,"minecraft:pufferfish":1,"minecraft:bone":23,"minecraft:blackstone":1,"minecraft:wheat_seeds":1,"minecraft:beef":5,"minecraft:cooked_chicken":2,"minecraft:cyan_candle":3,"minecraft:light_gray_wool":1,"minecraft:sugar_cane":4,"minecraft:coal_block":4,"minecraft:iron_sword":1,"minecraft:egg":3,"minecraft:book":102,"minecraft:polished_andesite_stairs":2,"minecraft:stick":1,"minecraft:stripped_mangrove_wood":3,"minecraft:pumpkin":4,"minecraft:torch":1,"minecraft:gravel":1,"minecraft:porkchop":10,"minecraft:sand":9,"minecraft:white_bed":1,"minecraft:spruce_log":7,"minecraft:cyan_bed":3,"minecraft:mangrove_trapdoor":5,"minecraft:arrow":26,"minecraft:rotten_flesh":4,"minecraft:soul_lantern":1,"minecraft:hay_block":1,"minecraft:painting":1,"minecraft:golden_apple":1,"minecraft:gray_wool":3,"minecraft:mutton":7,"minecraft:coal":30,"minecraft:white_wool":8,"minecraft:cobblestone":47},"minecraft:mined":{"minecraft:white_bed":1,"minecraft:blackstone":1,"minecraft:soul_lantern":1,"minecraft:crafting_table":1,"minecraft:grass_block":2,"minecraft:polished_andesite_stairs":1,"minecraft:campfire":5,"minecraft:coal_block":4,"minecraft:mangrove_trapdoor":3,"minecraft:cobblestone":3,"minecraft:red_mushroom":3,"minecraft:cyan_bed":3,"minecraft:sugar_cane":3,"minecraft:spawner":5,"minecraft:hay_block":1,"minecraft:magma_block":5,"minecraft:spruce_log":7,"minecraft:pumpkin":4,"minecraft:grass":1,"minecraft:bookshelf":38,"minecraft:oak_log":6,"minecraft:coal_ore":29,"minecraft:gravel":1,"minecraft:dirt":2,"minecraft:stone_bricks":1,"minecraft:stripped_mangrove_wood":3,"minecraft:stone":43,"minecraft:fern":1,"minecraft:cyan_candle":2,"minecraft:iron_trapdoor":1,"minecraft:oak_leaves":1},"minecraft:dropped":{"minecraft:blackstone":1,"minecraft:stripped_mangrove_wood":2,"minecraft:mangrove_trapdoor":2,"minecraft:bowl":3,"minecraft:light_gray_wool":1,"minecraft:red_mushroom":3,"minecraft:gray_wool":3,"minecraft:gunpowder":1,"minecraft:iron_trapdoor":2,"minecraft:torch":3,"minecraft:brown_wool":1,"minecraft:polished_andesite_stairs":2,"minecraft:sand":8,"minecraft:wooden_pickaxe":1,"minecraft:white_wool":1,"minecraft:egg":2},"minecraft:custom":{"minecraft:interact_with_furnace":19,"minecraft:mob_kills":39,"minecraft:interact_with_crafting_table":24,"minecraft:open_barrel":19,"minecraft:eat_cake_slice":10,"minecraft:leave_game":1,"minecraft:time_since_death":78193,"minecraft:sleep_in_bed":2,"minecraft:climb_one_cm":23703,"minecraft:time_since_rest":18153,"minecraft:sprint_one_cm":85635,"minecraft:damage_taken":1291,"minecraft:walk_one_cm":264276,"minecraft:drop":25,"minecraft:damage_dealt":4125,"minecraft:swim_one_cm":5307,"minecraft:fly_one_cm":119470,"minecraft:open_chest":13,"minecraft:crouch_one_cm":242,"minecraft:play_time":78193,"minecraft:sneak_time":209,"minecraft:walk_under_water_one_cm":1812,"minecraft:boat_one_cm":91842,"minecraft:jump":807,"minecraft:interact_with_blast_furnace":3,"minecraft:walk_on_water_one_cm":9311,"minecraft:total_world_time":78193,"minecraft:fall_one_cm":16518}},"DataVersion":3465}