{"stats":{"minecraft:picked_up":{"minecraft:charcoal":23,"minecraft:iron_chestplate":3,"minecraft:birch_door":1,"minecraft:music_disc_strad":2,"minecraft:crafting_table":4,"minecraft:black_carpet":1,"minecraft:chicken":15,"minecraft:iron_trapdoor":2,"minecraft:wooden_pickaxe":1,"minecraft:wither_rose":1,"usefulbackpacks:backpack_medium":1,"minecraft:chain":1,"minecraft:shield":1,"minecraft:string":2,"minecraft:cooked_salmon":14,"minecraft:iron_leggings":2,"minecraft:beetroot_soup":1,"minecraft:item_frame":3,"minecraft:pufferfish":1,"minecraft:blackstone":1,"minecraft:cyan_carpet":2,"minecraft:cartography_table":1,"minecraft:cobbled_deepslate":778,"minecraft:spruce_planks":6,"minecraft:beef":18,"minecraft:iron_pickaxe":2,"minecraft:light_gray_wool":1,"minecraft:coal_block":16,"minecraft:sugar_cane":4,"minecraft:furnace":2,"minecraft:egg":4,"minecraft:stick":8,"minecraft:raw_iron":136,"minecraft:stripped_mangrove_wood":3,"minecraft:jukebox":1,"minecraft:polished_deepslate_stairs":1,"minecraft:torch":53,"minecraft:spruce_stairs":2,"minecraft:porkchop":13,"minecraft:mangrove_sign":1,"minecraft:redstone":139,"minecraft:carrot":1,"minecraft:mangrove_trapdoor":5,"gobber2:gobber2_foo":2,"minecraft:arrow":85,"minecraft:rotten_flesh":72,"minecraft:tropical_fish":1,"minecraft:deepslate_bricks":1,"minecraft:hay_block":1,"alexscaves:spelunkery_table":1,"minecraft:obsidian":1,"minecraft:gold_ingot":5,"minecraft:glow_berries":13,"minecraft:mutton":12,"minecraft:cod":8,"minecraft:white_wool":12,"minecraft:cobblestone":115,"minecraft:magma_block":15,"minecraft:feather":40,"minecraft:andesite":4,"minecraft:brown_wool":1,"minecraft:leather":10,"minecraft:red_mushroom":6,"minecraft:potato":1,"minecraft:filled_map":1,"alexscaves:cave_book":1,"minecraft:flint":1,"minecraft:tuff":428,"minecraft:oak_log":6,"minecraft:gunpowder":1,"minecraft:lapis_lazuli":40,"minecraft:dirt":13,"minecraft:white_banner":1,"minecraft:bone":45,"minecraft:gray_carpet":3,"minecraft:bow":2,"gobber2:gobber2_gooey_beef":2,"minecraft:wheat_seeds":1,"minecraft:raw_gold":23,"minecraft:iron_ingot":9,"minecraft:cooked_chicken":2,"minecraft:cyan_candle":6,"minecraft:moss_block":1,"minecraft:iron_sword":3,"gobber2:gobber2_gooey_bread":2,"minecraft:book":105,"minecraft:polished_andesite_stairs":2,"minecraft:pumpkin":8,"minecraft:gravel":23,"minecraft:sand":9,"minecraft:amethyst_shard":8,"minecraft:spruce_sapling":5,"minecraft:white_bed":1,"minecraft:spruce_log":106,"minecraft:cyan_bed":5,"minecraft:mossy_cobblestone":4,"minecraft:leather_helmet":1,"minecraft:sugar":1,"minecraft:diamond":34,"minecraft:soul_lantern":1,"minecraft:painting":2,"minecraft:golden_apple":1,"minecraft:gray_wool":3,"minecraft:emerald":3,"alexscaves:cave_map":1,"minecraft:netherrack":2,"minecraft:coal":219,"gobber2:gobber2_goo":5},"minecraft:used":{"minecraft:flint_and_steel":1,"minecraft:chest":2,"gobber2:gobber2_gooey_bread":2,"minecraft:shield":5,"minecraft:iron_sword":568,"minecraft:cooked_salmon":25,"minecraft:cooked_chicken":7,"minecraft:iron_chestplate":2,"minecraft:torch":185,"minecraft:dirt":4,"minecraft:carrot":11,"minecraft:tuff":108,"minecraft:obsidian":11,"minecraft:iron_axe":141,"alexscaves:spelunkery_table":1,"gobber2:gobber2_gooey_beef":2,"minecraft:bow":6,"minecraft:cooked_cod":3,"minecraft:furnace":7,"minecraft:cooked_beef":1,"minecraft:egg":1,"minecraft:beetroot_soup":1,"minecraft:cobbled_deepslate":67,"minecraft:iron_leggings":1,"minecraft:cooked_mutton":2,"minecraft:water_bucket":5,"minecraft:stone_pickaxe":107,"minecraft:wooden_pickaxe":12,"minecraft:sugar_cane":4,"minecraft:stripped_mangrove_wood":1,"minecraft:glow_berries":31,"minecraft:crafting_table":7,"minecraft:mushroom_stew":6,"alexscaves:cave_book":1,"minecraft:white_bed":2,"minecraft:mangrove_sign":1,"minecraft:cake":3,"minecraft:diamond_pickaxe":569,"minecraft:apple":15,"minecraft:bread":3,"minecraft:cyan_bed":3,"minecraft:iron_pickaxe":1493,"minecraft:spruce_sapling":1,"minecraft:soul_lantern":1,"minecraft:stone_axe":93,"minecraft:diamond_sword":5,"minecraft:cobblestone":53,"minecraft:cooked_porkchop":7,"minecraft:bucket":5,"minecraft:andesite":4,"minecraft:beetroot":5},"minecraft:mined":{"minecraft:dark_oak_planks":2,"alexscaves:spelunkery_table":1,"minecraft:tuff":656,"minecraft:white_bed":1,"minecraft:mossy_cobblestone":11,"minecraft:dark_oak_leaves":4,"minecraft:deepslate_diamond_ore":34,"minecraft:obsidian":1,"minecraft:glow_lichen":1,"minecraft:cave_vines_plant":9,"minecraft:grass_block":2,"gobber2:gobber2_lucky_block":10,"minecraft:coal_block":11,"minecraft:mangrove_trapdoor":3,"minecraft:spruce_leaves":47,"minecraft:red_mushroom":3,"minecraft:moss_block":1,"minecraft:cartography_table":1,"minecraft:spawner":9,"minecraft:hay_block":1,"minecraft:smooth_stone":2,"minecraft:redstone_ore":1,"minecraft:magma_block":5,"minecraft:furnace":2,"minecraft:iron_ore":27,"minecraft:andesite":4,"minecraft:pumpkin":4,"minecraft:black_carpet":1,"minecraft:deepslate_lapis_ore":6,"minecraft:bookshelf":38,"minecraft:cave_vines":19,"minecraft:deepslate_iron_ore":95,"minecraft:azalea":1,"minecraft:stripped_mangrove_wood":3,"minecraft:stone":97,"minecraft:white_banner":1,"minecraft:cake":3,"minecraft:deepslate_redstone_ore":60,"minecraft:blackstone":2,"minecraft:soul_lantern":1,"minecraft:crafting_table":3,"minecraft:torch":27,"minecraft:emerald_ore":1,"minecraft:calcite":1,"minecraft:polished_andesite_stairs":1,"minecraft:campfire":7,"minecraft:tall_grass":1,"minecraft:cobblestone":12,"minecraft:deepslate_gold_ore":20,"minecraft:cyan_bed":5,"minecraft:sugar_cane":3,"minecraft:wall_torch":8,"minecraft:spruce_stairs":2,"minecraft:chain":2,"minecraft:spruce_log":104,"minecraft:jukebox":1,"gobber2:gobber2_lucky_block_deepslate":6,"minecraft:grass":1,"minecraft:coal_ore":66,"minecraft:oak_log":6,"minecraft:gravel":26,"minecraft:dirt":2,"minecraft:stone_bricks":1,"minecraft:netherrack":1,"minecraft:gold_ore":3,"minecraft:deepslate":953,"minecraft:oak_leaves":1,"minecraft:iron_trapdoor":1,"minecraft:cyan_candle":3,"minecraft:fern":3},"minecraft:dropped":{"minecraft:iron_sword":1,"minecraft:stripped_mangrove_wood":2,"minecraft:wheat_seeds":1,"gobber2:gobber2_foo":2,"minecraft:mangrove_trapdoor":2,"minecraft:red_mushroom":3,"minecraft:stick":6,"minecraft:gray_wool":3,"minecraft:iron_trapdoor":2,"minecraft:torch":3,"minecraft:brown_wool":1,"alexscaves:cave_map":1,"minecraft:bone_meal":1,"minecraft:polished_andesite_stairs":2,"minecraft:sand":8,"minecraft:string":2,"minecraft:white_wool":1,"minecraft:redstone":13,"minecraft:gold_ingot":5,"minecraft:bone":12,"minecraft:gravel":22,"minecraft:blackstone":1,"minecraft:cobbled_deepslate":769,"minecraft:bowl":3,"minecraft:black_carpet":1,"minecraft:tuff":320,"minecraft:rotten_flesh":5,"minecraft:light_gray_wool":1,"minecraft:polished_deepslate_stairs":1,"alexscaves:cave_book":1,"minecraft:gunpowder":1,"minecraft:arrow":47,"minecraft:wooden_pickaxe":1,"minecraft:magma_block":10,"minecraft:egg":2},"minecraft:crafted":{"minecraft:oak_planks":24,"minecraft:coal":162,"minecraft:iron_nugget":18,"minecraft:cooked_chicken":5,"minecraft:furnace":5,"minecraft:cooked_mutton":2,"minecraft:iron_boots":1,"minecraft:iron_axe":1,"minecraft:stone_pickaxe":1,"minecraft:chest":2,"minecraft:golden_boots":1,"minecraft:wheat":9,"minecraft:cooked_beef":8,"minecraft:cooked_cod":8,"minecraft:crafting_table":3,"minecraft:spruce_planks":160,"minecraft:iron_helmet":1,"minecraft:iron_sword":1,"minecraft:cooked_salmon":25,"minecraft:bucket":1,"minecraft:stone_axe":1,"minecraft:bread":3,"minecraft:air":0,"minecraft:iron_chestplate":1,"minecraft:diamond_pickaxe":1,"minecraft:charcoal":2,"minecraft:shield":1,"minecraft:stick":280,"minecraft:iron_ingot":121,"minecraft:iron_pickaxe":6,"minecraft:iron_leggings":1,"minecraft:gold_ingot":23,"minecraft:white_bed":1,"minecraft:torch":284},"minecraft:killed_by":{"minecraft:creeper":1,"minecraft:skeleton":1},"minecraft:custom":{"minecraft:interact_with_smithing_table":1,"minecraft:mob_kills":136,"minecraft:interact_with_crafting_table":46,"minecraft:open_barrel":49,"minecraft:damage_dealt_resisted":76,"minecraft:eat_cake_slice":31,"minecraft:leave_game":2,"minecraft:time_since_death":176880,"minecraft:climb_one_cm":31907,"minecraft:sprint_one_cm":322453,"minecraft:damage_blocked_by_shield":135,"minecraft:walk_one_cm":922374,"minecraft:drop":62,"minecraft:talked_to_villager":1,"minecraft:play_time":332971,"minecraft:deaths":2,"minecraft:sneak_time":2716,"minecraft:walk_under_water_one_cm":26667,"minecraft:boat_one_cm":331473,"minecraft:jump":3635,"minecraft:interact_with_blast_furnace":13,"minecraft:walk_on_water_one_cm":37104,"minecraft:total_world_time":332971,"minecraft:interact_with_furnace":104,"minecraft:interact_with_loom":2,"minecraft:sleep_in_bed":4,"minecraft:time_since_rest":14989,"minecraft:damage_taken":6032,"minecraft:damage_dealt":25829,"minecraft:swim_one_cm":20379,"minecraft:fly_one_cm":413818,"minecraft:open_chest":125,"minecraft:crouch_one_cm":4216,"minecraft:fall_one_cm":65154},"minecraft:killed":{"minecraft:spider":3,"minecraft:vindicator":2,"minecraft:skeleton":32,"minecraft:chicken":11,"minecraft:illusioner":1,"minecraft:husk":46,"minecraft:pig":5,"minecraft:zombie_villager":2,"minecraft:creeper":1,"minecraft:sheep":7,"minecraft:zombie":12,"minecraft:wither_skeleton":1,"minecraft:cow":12},"minecraft:broken":{"minecraft:leather_helmet":1,"minecraft:iron_sword":1,"minecraft:iron_pickaxe":5}},"DataVersion":3465}