{"stats":{"minecraft:killed":{"minecraft:spider":5,"minecraft:skeleton":42,"minecraft:chicken":11,"minecraft:illusioner":1,"minecraft:piglin_brute":6,"minecraft:magma_cube":15,"minecraft:piglin":4,"minecraft:pig":5,"minecraft:zombie_villager":2,"minecraft:creeper":1,"minecraft:sheep":7,"minecraft:zombie":26,"minecraft:glow_squid":1,"minecraft:cow":12,"minecraft:vindicator":2,"minecraft:phantom":1,"minecraft:husk":46,"minecraft:hoglin":4,"minecraft:wither_skeleton":1,"minecraft:enderman":8},"minecraft:crafted":{"minecraft:oak_planks":24,"gobber2:gobber2_paxel":1,"gobber2:gobber2_leggings":1,"minecraft:cooked_chicken":5,"gobber2:gobber2_chestplate":1,"minecraft:cooked_mutton":2,"minecraft:diamond_helmet":1,"minecraft:bow":1,"minecraft:iron_boots":1,"gobber2:gobber2_ring_ascent":1,"minecraft:chest":7,"gobber2:gobber2_pickaxe":1,"minecraft:golden_boots":1,"minecraft:cooked_porkchop":18,"minecraft:crafting_table":4,"minecraft:spruce_planks":240,"minecraft:iron_helmet":1,"gobber2:gobber2_axe":1,"gobber2:gobber2_rod":10,"minecraft:iron_chestplate":1,"minecraft:paper":6,"minecraft:diamond_pickaxe":2,"minecraft:charcoal":2,"minecraft:shield":1,"gobber2:gobber2_ring_return":1,"minecraft:stick":280,"simplyswords:gobber_compat/gobber/gobber_warglaive":1,"minecraft:iron_ingot":121,"minecraft:iron_pickaxe":6,"minecraft:gold_ingot":23,"xpbook:xp_tome":1,"morebows:diamond_bow":1,"minecraft:coal":162,"gobber2:gobber2_shovel":1,"minecraft:iron_nugget":18,"minecraft:furnace":5,"alexscaves:cave_map":1,"gobber2:gobber2_helmet":1,"minecraft:iron_axe":1,"gobber2:gobber2_boots":1,"minecraft:stone_pickaxe":1,"minecraft:spruce_boat":1,"minecraft:golden_helmet":2,"minecraft:wheat":9,"minecraft:cooked_beef":8,"gobber2:gobber2_sword":1,"minecraft:cooked_cod":8,"minecraft:magenta_bed":3,"minecraft:iron_sword":1,"gobber2:gobber2_ring":2,"minecraft:cooked_salmon":25,"minecraft:bucket":2,"minecraft:stone_axe":1,"minecraft:air":0,"minecraft:bread":3,"minecraft:iron_leggings":1,"minecraft:white_bed":1,"minecraft:torch":284,"minecraft:lapis_lazuli":9},"minecraft:picked_up":{"minecraft:birch_door":1,"minecraft:iron_chestplate":3,"minecraft:music_disc_strad":2,"minecraft:black_carpet":1,"minecraft:iron_trapdoor":2,"minecraft:wither_rose":1,"minecraft:string":2,"minecraft:cooked_salmon":14,"minecraft:iron_leggings":2,"minecraft:beetroot_soup":1,"gobber2:gobber2_glass_nether":1,"minecraft:pufferfish":1,"minecraft:cobbled_deepslate":906,"minecraft:gold_nugget":63,"minecraft:spruce_planks":10,"minecraft:calcite":2,"minecraft:iron_pickaxe":2,"minecraft:coal_block":16,"minecraft:furnace":2,"minecraft:stick":8,"minecraft:jukebox":1,"minecraft:polished_deepslate_stairs":1,"minecraft:torch":67,"minecraft:spruce_stairs":2,"minecraft:porkchop":30,"minecraft:golden_axe":1,"minecraft:diorite":2,"minecraft:golden_chestplate":1,"gobber2:gobber2_foo":2,"minecraft:rotten_flesh":83,"minecraft:tropical_fish":4,"minecraft:obsidian":1,"minecraft:cod":8,"minecraft:cobblestone":165,"minecraft:magma_block":22,"minecraft:feather":40,"minecraft:magma_cream":1,"minecraft:andesite":24,"minecraft:brown_wool":1,"minecraft:golden_leggings":1,"minecraft:potato":1,"minecraft:magenta_dye":5,"alexscaves:cave_book":1,"minecraft:flint":9,"minecraft:tuff":492,"gobber2:gobber2_gooey_bread_nether":1,"minecraft:lapis_lazuli":55,"minecraft:dirt":29,"minecraft:bone":53,"minecraft:bow":2,"gobber2:gobber2_gooey_beef":2,"minecraft:wheat_seeds":1,"minecraft:raw_gold":23,"gobber2:gobber2_globette":6,"minecraft:cyan_candle":6,"minecraft:moss_block":1,"gobber2:gobber2_gooey_bread":2,"minecraft:sand":9,"minecraft:grass_block":1,"minecraft:cyan_bed":9,"minecraft:mossy_cobblestone":4,"minecraft:dark_prismarine":1,"minecraft:sugar":1,"minecraft:diamond":52,"minecraft:spruce_boat":5,"minecraft:soul_lantern":1,"minecraft:cracked_polished_blackstone_bricks":5,"minecraft:golden_apple":1,"minecraft:spruce_sign":2,"minecraft:emerald":3,"minecraft:netherrack":631,"gobber2:gobber2_goo":5,"minecraft:crimson_roots":3,"minecraft:charcoal":23,"minecraft:coarse_dirt":1,"minecraft:crafting_table":5,"minecraft:chicken":15,"minecraft:clay_ball":4,"gobber2:gobber2_rod":1,"minecraft:wooden_pickaxe":1,"usefulbackpacks:backpack_medium":1,"minecraft:chain":1,"minecraft:shield":1,"minecraft:item_frame":3,"minecraft:iron_shovel":1,"minecraft:blackstone":6,"minecraft:cyan_carpet":2,"minecraft:cartography_table":1,"minecraft:beef":18,"minecraft:light_gray_wool":1,"minecraft:spruce_slab":1,"minecraft:sugar_cane":25,"minecraft:egg":4,"minecraft:raw_iron":136,"minecraft:stripped_mangrove_wood":3,"minecraft:polished_blackstone_bricks":23,"minecraft:mangrove_sign":1,"minecraft:carrot":2,"minecraft:redstone":229,"minecraft:netherite_pickaxe":1,"minecraft:mangrove_trapdoor":5,"minecraft:dark_oak_planks":1,"gobber2:gobber2_globette_nether":124,"minecraft:arrow":95,"minecraft:deepslate_bricks":1,"minecraft:hay_block":1,"alexscaves:spelunkery_table":2,"minecraft:yellow_terracotta":1,"minecraft:gold_ingot":5,"minecraft:glow_berries":14,"minecraft:mutton":12,"minecraft:white_wool":12,"minecraft:basalt":5,"minecraft:glow_ink_sac":3,"gobber2:gobber2_ingot":54,"minecraft:leather":10,"minecraft:red_mushroom":6,"minecraft:filled_map":1,"minecraft:oak_log":6,"minecraft:ancient_debris":3,"minecraft:gunpowder":1,"minecraft:white_banner":1,"minecraft:gray_carpet":3,"minecraft:iron_ingot":9,"minecraft:cooked_chicken":2,"gobber2:gobber2_staff_stars":1,"minecraft:iron_sword":3,"minecraft:soul_sand":1,"minecraft:dark_oak_stairs":2,"minecraft:book":105,"minecraft:polished_andesite_stairs":2,"minecraft:pumpkin":8,"minecraft:sweet_berries":1,"minecraft:quartz":380,"minecraft:gravel":69,"minecraft:amethyst_shard":8,"minecraft:spruce_sapling":5,"minecraft:white_bed":1,"minecraft:spruce_log":106,"minecraft:spruce_door":6,"minecraft:spider_eye":1,"minecraft:leather_helmet":1,"minecraft:painting":2,"minecraft:gray_wool":3,"alexscaves:cave_map":1,"minecraft:warped_nylium":1,"gobber2:gobber2_goo_nether":2,"minecraft:coal":266,"minecraft:ender_pearl":7},"minecraft:used":{"minecraft:beetroot":5,"minecraft:chest":7,"gobber2:gobber2_gooey_bread":2,"minecraft:shield":9,"minecraft:iron_sword":568,"minecraft:iron_chestplate":2,"minecraft:carrot":11,"gobber2:gobber2_glass_nether":1,"minecraft:tuff":108,"minecraft:obsidian":11,"minecraft:spruce_boat":6,"minecraft:bow":6,"minecraft:furnace":7,"minecraft:cooked_cod":3,"minecraft:egg":1,"minecraft:stone_pickaxe":107,"minecraft:wooden_pickaxe":12,"minecraft:sugar_cane":19,"minecraft:stripped_mangrove_wood":1,"minecraft:glow_berries":32,"alexscaves:cave_book":1,"minecraft:mushroom_stew":6,"minecraft:crossbow":16,"minecraft:bread":3,"minecraft:cyan_bed":3,"minecraft:gravel":21,"minecraft:soul_lantern":1,"minecraft:diamond_sword":149,"gobber2:gobber2_staff_stars":16,"minecraft:andesite":4,"minecraft:experience_bottle":48,"gobber2:gobber2_paxel":584,"minecraft:flint_and_steel":1,"morebows:diamond_bow":42,"minecraft:spruce_planks":25,"minecraft:cooked_salmon":25,"minecraft:cooked_chicken":7,"minecraft:netherrack":312,"simplyswords:gobber_compat/gobber/gobber_warglaive":42,"minecraft:torch":279,"minecraft:dirt":9,"minecraft:spruce_stairs":1,"minecraft:iron_axe":145,"gobber2:gobber2_gooey_beef":2,"alexscaves:spelunkery_table":2,"minecraft:basalt":1,"minecraft:golden_carrot":11,"gobber2:gobber2_sword":6,"minecraft:netherite_pickaxe":27,"minecraft:cooked_beef":1,"minecraft:cobbled_deepslate":115,"minecraft:beetroot_soup":1,"minecraft:iron_leggings":1,"minecraft:cooked_mutton":2,"minecraft:water_bucket":17,"minecraft:polished_blackstone_bricks":9,"minecraft:crafting_table":8,"minecraft:white_bed":2,"minecraft:mangrove_sign":1,"minecraft:cake":3,"minecraft:dark_prismarine":1,"minecraft:diamond_pickaxe":3394,"minecraft:apple":15,"minecraft:iron_pickaxe":1493,"minecraft:spruce_sapling":1,"minecraft:stone_axe":93,"minecraft:cobblestone":75,"minecraft:porkchop":2,"minecraft:cooked_porkchop":48,"minecraft:bucket":18},"minecraft:mined":{"minecraft:dark_oak_planks":3,"minecraft:spruce_planks":4,"minecraft:white_bed":1,"minecraft:obsidian":1,"minecraft:cave_vines_plant":11,"minecraft:grass_block":2,"gobber2:gobber2_ore_deepslate":6,"gobber2:gobber2_lucky_block":11,"minecraft:cracked_polished_blackstone_bricks":7,"minecraft:coal_block":11,"minecraft:spawner":10,"minecraft:smooth_stone":2,"minecraft:polished_blackstone_bricks":24,"minecraft:magma_block":31,"minecraft:iron_ore":27,"minecraft:fire":2,"gobber2:gobber2_ore_nether":126,"minecraft:pumpkin":4,"minecraft:black_carpet":1,"minecraft:deepslate_lapis_ore":9,"minecraft:dark_oak_stairs":2,"minecraft:cave_vines":21,"minecraft:azalea":1,"minecraft:white_banner":1,"minecraft:stripped_mangrove_wood":3,"minecraft:spruce_slab":1,"minecraft:deepslate_redstone_ore":105,"minecraft:blackstone":8,"minecraft:crimson_nylium":21,"minecraft:soul_lantern":1,"minecraft:clay":1,"minecraft:torch":38,"minecraft:calcite":1,"minecraft:polished_andesite_stairs":1,"gobber2:gobber2_lucky_block_nether":4,"minecraft:nether_quartz_ore":591,"minecraft:cobblestone":24,"minecraft:cyan_bed":9,"minecraft:sugar_cane":11,"minecraft:wall_torch":11,"minecraft:chain":2,"minecraft:jukebox":1,"minecraft:grass":1,"minecraft:oak_log":6,"minecraft:dirt":5,"minecraft:netherrack":1594,"minecraft:ancient_debris":3,"minecraft:oak_leaves":1,"minecraft:cyan_candle":3,"minecraft:deepslate":1466,"minecraft:nether_gold_ore":32,"minecraft:yellow_terracotta":1,"minecraft:dark_prismarine":1,"alexscaves:spelunkery_table":2,"minecraft:tuff":797,"minecraft:mossy_cobblestone":11,"minecraft:dark_oak_leaves":4,"minecraft:deepslate_diamond_ore":52,"minecraft:glow_lichen":1,"gravestone:gravestone":3,"minecraft:crimson_roots":1,"minecraft:mangrove_trapdoor":3,"minecraft:spruce_leaves":47,"minecraft:cartography_table":1,"minecraft:moss_block":1,"minecraft:red_mushroom":3,"minecraft:hay_block":1,"minecraft:redstone_ore":4,"minecraft:furnace":2,"minecraft:nether_sprouts":2,"minecraft:andesite":17,"minecraft:bookshelf":38,"minecraft:deepslate_iron_ore":95,"minecraft:packed_ice":1,"minecraft:stone":151,"minecraft:cake":3,"minecraft:basalt":4,"minecraft:crafting_table":4,"minecraft:emerald_ore":1,"minecraft:warped_roots":2,"minecraft:campfire":11,"minecraft:tall_grass":1,"minecraft:deepslate_gold_ore":23,"minecraft:spruce_stairs":2,"minecraft:ice":1,"minecraft:spruce_log":104,"gobber2:gobber2_lucky_block_deepslate":6,"minecraft:coal_ore":119,"minecraft:gravel":106,"minecraft:stone_bricks":1,"minecraft:gold_ore":3,"minecraft:iron_trapdoor":1,"minecraft:fern":3},"minecraft:killed_by":{"minecraft:piglin_brute":1,"minecraft:creeper":1,"minecraft:hoglin":1,"minecraft:skeleton":1},"minecraft:broken":{"minecraft:iron_sword":1,"minecraft:leather_helmet":1,"minecraft:iron_pickaxe":5},"minecraft:custom":{"minecraft:interact_with_crafting_table":77,"minecraft:open_barrel":49,"minecraft:eat_cake_slice":31,"minecraft:leave_game":16,"minecraft:time_since_death":241936,"minecraft:sprint_one_cm":702233,"minecraft:damage_blocked_by_shield":320,"minecraft:drop":86,"minecraft:talked_to_villager":2,"minecraft:play_time":707462,"minecraft:deaths":5,"minecraft:jump":8272,"minecraft:enchant_item":3,"minecraft:walk_on_water_one_cm":119139,"minecraft:interact_with_furnace":121,"minecraft:interact_with_loom":6,"minecraft:sleep_in_bed":6,"minecraft:damage_dealt":38945,"minecraft:crouch_one_cm":41516,"minecraft:interact_with_smithing_table":3,"minecraft:interact_with_anvil":3,"minecraft:mob_kills":202,"minecraft:damage_dealt_resisted":76,"minecraft:climb_one_cm":32589,"minecraft:walk_one_cm":1710146,"minecraft:sneak_time":18325,"minecraft:walk_under_water_one_cm":82373,"minecraft:boat_one_cm":502642,"minecraft:interact_with_blast_furnace":13,"minecraft:total_world_time":707462,"minecraft:time_since_rest":233908,"minecraft:damage_taken":10593,"minecraft:swim_one_cm":45522,"minecraft:fly_one_cm":1142703,"minecraft:open_chest":414,"minecraft:fall_one_cm":262907},"minecraft:dropped":{"minecraft:spruce_sign":2,"minecraft:iron_sword":1,"minecraft:dark_oak_stairs":2,"minecraft:stripped_mangrove_wood":2,"minecraft:netherite_upgrade_smithing_template":1,"minecraft:red_mushroom":3,"minecraft:dirt":2,"minecraft:snout_armor_trim_smithing_template":1,"alexscaves:cave_map":1,"minecraft:bone_meal":1,"minecraft:sand":8,"minecraft:dark_oak_planks":1,"minecraft:white_wool":1,"minecraft:gold_ingot":5,"minecraft:bone":12,"minecraft:gravel":32,"minecraft:blackstone":2,"minecraft:cobbled_deepslate":769,"minecraft:black_carpet":1,"minecraft:rotten_flesh":13,"minecraft:carrot":1,"alexscaves:cave_book":1,"minecraft:gunpowder":1,"minecraft:arrow":47,"minecraft:egg":2,"gobber2:gobber2_ingot":7,"minecraft:netherite_pickaxe":1,"minecraft:wheat_seeds":1,"minecraft:golden_helmet":1,"gobber2:gobber2_foo":2,"minecraft:mangrove_trapdoor":2,"minecraft:yellow_terracotta":1,"minecraft:cobblestone":5,"minecraft:grass_block":1,"minecraft:stick":6,"minecraft:gray_wool":3,"minecraft:iron_trapdoor":2,"minecraft:torch":3,"minecraft:brown_wool":1,"minecraft:polished_andesite_stairs":2,"minecraft:string":2,"minecraft:redstone":13,"minecraft:sweet_berries":1,"minecraft:warped_nylium":1,"minecraft:coarse_dirt":1,"minecraft:bowl":3,"minecraft:tuff":320,"minecraft:light_gray_wool":1,"minecraft:clay_ball":4,"minecraft:polished_deepslate_stairs":1,"minecraft:spruce_planks":3,"minecraft:andesite":20,"minecraft:wooden_pickaxe":1,"minecraft:magma_block":10}},"DataVersion":3465}