{"stats":{"minecraft:broken":{"minecraft:leather_helmet":1,"minecraft:iron_sword":1,"minecraft:iron_pickaxe":3},"minecraft:killed_by":{"minecraft:creeper":1,"minecraft:skeleton":1},"minecraft:crafted":{"minecraft:oak_planks":24,"minecraft:coal":162,"minecraft:iron_nugget":18,"minecraft:cooked_chicken":5,"minecraft:furnace":5,"minecraft:cooked_mutton":2,"minecraft:iron_axe":1,"minecraft:stone_pickaxe":1,"minecraft:chest":2,"minecraft:wheat":9,"minecraft:cooked_cod":8,"minecraft:crafting_table":3,"minecraft:spruce_planks":160,"minecraft:iron_sword":1,"minecraft:cooked_salmon":25,"minecraft:bucket":1,"minecraft:stone_axe":1,"minecraft:bread":3,"minecraft:air":0,"minecraft:diamond_pickaxe":1,"minecraft:charcoal":2,"minecraft:shield":1,"minecraft:stick":280,"minecraft:iron_ingot":29,"minecraft:iron_pickaxe":6,"minecraft:white_bed":1,"minecraft:torch":284},"minecraft:killed":{"minecraft:vindicator":2,"minecraft:spider":3,"minecraft:skeleton":29,"minecraft:chicken":11,"minecraft:illusioner":1,"minecraft:husk":46,"minecraft:pig":5,"minecraft:zombie_villager":2,"minecraft:creeper":1,"minecraft:sheep":7,"minecraft:zombie":8,"minecraft:cow":12},"minecraft:used":{"minecraft:beetroot":5,"gobber2:gobber2_gooey_bread":2,"minecraft:chest":2,"minecraft:shield":4,"minecraft:iron_sword":538,"minecraft:cooked_salmon":25,"minecraft:cooked_chicken":7,"minecraft:iron_chestplate":2,"minecraft:torch":88,"minecraft:dirt":4,"minecraft:carrot":11,"minecraft:tuff":10,"minecraft:iron_axe":138,"gobber2:gobber2_gooey_beef":1,"minecraft:bow":6,"minecraft:cooked_cod":2,"minecraft:furnace":6,"minecraft:egg":1,"minecraft:cobbled_deepslate":3,"minecraft:iron_leggings":1,"minecraft:beetroot_soup":1,"minecraft:cooked_mutton":2,"minecraft:stone_pickaxe":107,"minecraft:wooden_pickaxe":12,"minecraft:sugar_cane":4,"minecraft:glow_berries":3,"minecraft:stripped_mangrove_wood":1,"minecraft:crafting_table":7,"minecraft:mushroom_stew":6,"minecraft:white_bed":2,"minecraft:mangrove_sign":1,"minecraft:cake":3,"minecraft:diamond_pickaxe":306,"minecraft:apple":15,"minecraft:cyan_bed":3,"minecraft:bread":3,"minecraft:iron_pickaxe":845,"minecraft:spruce_sapling":1,"minecraft:soul_lantern":1,"minecraft:stone_axe":93,"minecraft:cobblestone":53,"minecraft:cooked_porkchop":5,"minecraft:andesite":4},"minecraft:picked_up":{"minecraft:crafting_table":4,"minecraft:charcoal":23,"minecraft:music_disc_strad":2,"minecraft:iron_chestplate":3,"minecraft:black_carpet":1,"minecraft:chicken":15,"minecraft:iron_trapdoor":2,"minecraft:wooden_pickaxe":1,"minecraft:wither_rose":1,"minecraft:chain":1,"minecraft:shield":1,"minecraft:string":2,"minecraft:cooked_salmon":14,"minecraft:iron_leggings":2,"minecraft:beetroot_soup":1,"minecraft:item_frame":3,"minecraft:pufferfish":1,"minecraft:cyan_carpet":2,"minecraft:blackstone":1,"minecraft:cartography_table":1,"minecraft:cobbled_deepslate":652,"minecraft:spruce_planks":6,"minecraft:beef":18,"minecraft:iron_pickaxe":2,"minecraft:light_gray_wool":1,"minecraft:coal_block":16,"minecraft:sugar_cane":4,"minecraft:furnace":2,"minecraft:egg":4,"minecraft:stick":8,"minecraft:raw_iron":59,"minecraft:stripped_mangrove_wood":3,"minecraft:jukebox":1,"minecraft:polished_deepslate_stairs":1,"minecraft:torch":17,"minecraft:spruce_stairs":1,"minecraft:porkchop":13,"minecraft:redstone":126,"minecraft:mangrove_sign":1,"minecraft:carrot":1,"minecraft:mangrove_trapdoor":5,"gobber2:gobber2_foo":2,"minecraft:arrow":84,"minecraft:rotten_flesh":70,"minecraft:tropical_fish":1,"minecraft:deepslate_bricks":1,"minecraft:hay_block":1,"minecraft:gold_ingot":5,"minecraft:mutton":12,"minecraft:cobblestone":115,"minecraft:cod":8,"minecraft:white_wool":12,"minecraft:magma_block":15,"minecraft:feather":40,"minecraft:andesite":4,"minecraft:brown_wool":1,"minecraft:leather":10,"minecraft:red_mushroom":6,"minecraft:potato":1,"minecraft:filled_map":1,"minecraft:tuff":204,"minecraft:oak_log":6,"minecraft:gunpowder":1,"minecraft:lapis_lazuli":13,"minecraft:dirt":13,"minecraft:white_banner":1,"minecraft:bone":43,"minecraft:gray_carpet":2,"minecraft:bow":2,"gobber2:gobber2_gooey_beef":2,"minecraft:wheat_seeds":1,"minecraft:raw_gold":17,"minecraft:iron_ingot":9,"minecraft:cooked_chicken":2,"minecraft:cyan_candle":6,"minecraft:moss_block":1,"minecraft:iron_sword":3,"gobber2:gobber2_gooey_bread":2,"minecraft:book":105,"minecraft:polished_andesite_stairs":2,"minecraft:pumpkin":8,"minecraft:gravel":1,"minecraft:sand":9,"minecraft:amethyst_shard":8,"minecraft:spruce_sapling":5,"minecraft:white_bed":1,"minecraft:spruce_log":106,"minecraft:cyan_bed":5,"minecraft:mossy_cobblestone":4,"minecraft:leather_helmet":1,"minecraft:sugar":1,"minecraft:diamond":24,"minecraft:soul_lantern":1,"minecraft:painting":2,"minecraft:golden_apple":1,"minecraft:gray_wool":3,"minecraft:emerald":3,"gobber2:gobber2_goo":5,"minecraft:netherrack":2,"minecraft:coal":217,"minecraft:birch_door":1},"minecraft:mined":{"minecraft:dark_oak_planks":2,"minecraft:tuff":384,"minecraft:white_bed":1,"minecraft:mossy_cobblestone":11,"minecraft:dark_oak_leaves":4,"minecraft:deepslate_diamond_ore":24,"minecraft:glow_lichen":1,"minecraft:grass_block":2,"gobber2:gobber2_lucky_block":10,"minecraft:coal_block":11,"minecraft:mangrove_trapdoor":3,"minecraft:spruce_leaves":47,"minecraft:moss_block":1,"minecraft:cartography_table":1,"minecraft:red_mushroom":3,"minecraft:spawner":6,"minecraft:hay_block":1,"minecraft:magma_block":5,"minecraft:furnace":2,"minecraft:iron_ore":22,"minecraft:andesite":4,"minecraft:black_carpet":1,"minecraft:pumpkin":4,"minecraft:deepslate_lapis_ore":2,"minecraft:bookshelf":38,"minecraft:deepslate_iron_ore":22,"minecraft:white_banner":1,"minecraft:stone":88,"minecraft:stripped_mangrove_wood":3,"minecraft:cake":3,"minecraft:deepslate_redstone_ore":30,"minecraft:blackstone":1,"minecraft:soul_lantern":1,"minecraft:crafting_table":3,"minecraft:torch":2,"minecraft:emerald_ore":1,"minecraft:calcite":1,"minecraft:polished_andesite_stairs":1,"minecraft:campfire":7,"minecraft:cobblestone":11,"minecraft:deepslate_gold_ore":14,"minecraft:cyan_bed":5,"minecraft:sugar_cane":3,"minecraft:wall_torch":1,"minecraft:spruce_stairs":1,"minecraft:chain":2,"minecraft:jukebox":1,"minecraft:spruce_log":104,"gobber2:gobber2_lucky_block_deepslate":2,"minecraft:grass":1,"minecraft:coal_ore":65,"minecraft:oak_log":6,"minecraft:gravel":6,"minecraft:dirt":2,"minecraft:stone_bricks":1,"minecraft:netherrack":1,"minecraft:deepslate":515,"minecraft:gold_ore":3,"minecraft:oak_leaves":1,"minecraft:iron_trapdoor":1,"minecraft:cyan_candle":3,"minecraft:fern":3},"minecraft:dropped":{"minecraft:iron_sword":1,"minecraft:stripped_mangrove_wood":2,"minecraft:wheat_seeds":1,"gobber2:gobber2_foo":2,"minecraft:mangrove_trapdoor":2,"minecraft:red_mushroom":3,"minecraft:stick":6,"minecraft:gray_wool":3,"minecraft:iron_trapdoor":2,"minecraft:torch":3,"minecraft:brown_wool":1,"minecraft:bone_meal":1,"minecraft:polished_andesite_stairs":2,"minecraft:sand":8,"minecraft:string":2,"minecraft:white_wool":1,"minecraft:gold_ingot":5,"minecraft:bone":12,"minecraft:blackstone":1,"minecraft:cobbled_deepslate":705,"minecraft:black_carpet":1,"minecraft:bowl":3,"minecraft:tuff":192,"minecraft:rotten_flesh":5,"minecraft:light_gray_wool":1,"minecraft:polished_deepslate_stairs":1,"minecraft:gunpowder":1,"minecraft:arrow":47,"minecraft:wooden_pickaxe":1,"minecraft:magma_block":10,"minecraft:egg":2},"minecraft:custom":{"minecraft:interact_with_smithing_table":1,"minecraft:mob_kills":128,"minecraft:interact_with_crafting_table":42,"minecraft:open_barrel":49,"minecraft:eat_cake_slice":31,"minecraft:leave_game":1,"minecraft:time_since_death":96102,"minecraft:climb_one_cm":30171,"minecraft:sprint_one_cm":253131,"minecraft:damage_blocked_by_shield":105,"minecraft:walk_one_cm":722575,"minecraft:drop":55,"minecraft:talked_to_villager":1,"minecraft:deaths":2,"minecraft:play_time":252193,"minecraft:sneak_time":1445,"minecraft:walk_under_water_one_cm":12618,"minecraft:boat_one_cm":331473,"minecraft:jump":2499,"minecraft:interact_with_blast_furnace":13,"minecraft:walk_on_water_one_cm":26677,"minecraft:total_world_time":252193,"minecraft:interact_with_furnace":36,"minecraft:sleep_in_bed":3,"minecraft:time_since_rest":96128,"minecraft:damage_taken":5593,"minecraft:damage_dealt":23969,"minecraft:swim_one_cm":10136,"minecraft:fly_one_cm":342964,"minecraft:open_chest":52,"minecraft:crouch_one_cm":3019,"minecraft:fall_one_cm":51655}},"DataVersion":3465}