{"stats":{"minecraft:used":{"minecraft:beetroot":5,"minecraft:spruce_slab":7,"minecraft:chest":23,"gobber2:gobber2_boots":1,"minecraft:rotten_flesh":6,"minecraft:allium":1,"minecraft:snowball":2,"minecraft:spruce_boat":10,"minecraft:wet_sponge":2,"minecraft:cherry_leaves":102,"minecraft:music_disc_stal":1,"minecraft:bow":6,"minecraft:sweet_berries":21,"minecraft:cooked_cod":3,"minecraft:furnace":9,"minecraft:egg":1,"minecraft:spruce_door":6,"minecraft:wooden_pickaxe":12,"minecraft:oak_leaves":22,"minecraft:stripped_mangrove_wood":1,"minecraft:glow_berries":44,"minecraft:golden_apple":19,"minecraft:soul_lantern":1,"minecraft:diamond_sword":149,"gobber2:gobber2_staff_stars":161,"gobber2:gobber2_chestplate":1,"minecraft:oak_trapdoor":32,"minecraft:iron_bars":1,"minecraft:enchanting_table":1,"minecraft:armor_stand":1,"gobber2:gobber2_leggings":1,"minecraft:cooked_salmon":25,"minecraft:netherrack":346,"minecraft:torch":279,"alexscaves:resistor_shield":1,"alexscaves:sea_staff":48,"minecraft:iron_axe":145,"alexscaves:ortholance":1,"gobber2:gobber2_helmet":1,"minecraft:totem_of_undying":1,"minecraft:barrel":3,"minecraft:bamboo":4,"minecraft:basalt":1,"minecraft:goat_horn":18,"minecraft:cobbled_deepslate":126,"minecraft:water_bucket":36,"minecraft:polished_blackstone_bricks":9,"alexscaves:primitive_club":14,"minecraft:crafting_table":14,"minecraft:white_bed":2,"minecraft:mangrove_sign":1,"minecraft:cake":3,"mowziesmobs:wrought_axe":17,"minecraft:oak_log":195,"minecraft:dark_prismarine":1,"minecraft:diamond_pickaxe":3429,"minecraft:iron_pickaxe":1493,"alexscaves:extinction_spear":10,"minecraft:spruce_trapdoor":54,"iceandfire:cyclops_skull":1,"minecraft:spruce_sapling":1,"minecraft:cobblestone":206,"minecraft:porkchop":2,"minecraft:cooked_porkchop":75,"minecraft:glass_pane":16,"alexscaves:nuclear_bomb":1,"minecraft:jukebox":1,"iceandfire:tide_trident":1,"minecraft:cherry_sapling":5,"gobber2:gobber2_gooey_bread":2,"minecraft:decorated_pot":1,"minecraft:shield":9,"minecraft:iron_sword":568,"alexscaves:galena":28,"minecraft:iron_chestplate":2,"gobber2:gobber2_sword_nether":674,"minecraft:carrot":11,"gobber2:gobber2_glass_nether":1,"minecraft:tuff":108,"minecraft:obsidian":11,"minecraft:glass":47,"minecraft:lantern":15,"gobber2:gobber2_bow_nether":1098,"minecraft:deepslate_diamond_ore":5,"minecraft:stone_pickaxe":107,"minecraft:wither_skeleton_skull":23,"minecraft:oak_planks":165,"minecraft:sugar_cane":19,"simplyswords:diamond_halberd":4,"alexscaves:cave_book":2,"minecraft:mushroom_stew":6,"minecraft:crossbow":16,"minecraft:shears":261,"minecraft:melon_slice":353,"minecraft:bread":52,"minecraft:cyan_bed":6,"minecraft:gravel":21,"minecraft:grindstone":1,"minecraft:andesite":6,"minecraft:bone_meal":99,"minecraft:experience_bottle":48,"minecraft:trident":688,"gobber2:gobber2_paxel":5946,"minecraft:flint_and_steel":1,"morebows:diamond_bow":134,"minecraft:spruce_planks":351,"minecraft:ender_chest":8,"minecraft:cooked_chicken":8,"simplyswords:gobber_compat/gobber/gobber_warglaive":164,"minecraft:dirt":393,"minecraft:spruce_stairs":242,"minecraft:oak_wood":4,"minecraft:spruce_fence":28,"minecraft:bookshelf":15,"minecraft:polished_blackstone_brick_stairs":95,"gobber2:gobber2_gooey_beef":2,"alexscaves:spelunkery_table":2,"minecraft:golden_carrot":24,"gobber2:gobber2_sword":11,"minecraft:netherite_pickaxe":27,"simplyswords:soulstealer":8,"iceandfire:hippocampus_slapper":1,"minecraft:cooked_beef":51,"minecraft:beetroot_soup":1,"minecraft:iron_leggings":1,"minecraft:cooked_mutton":37,"gobber2:gobber2_hammer_nether":826,"iceandfire:amphithere_macuahuitl":8,"minecraft:painting":1,"minecraft:apple":15,"minecraft:stone_axe":93,"minecraft:bucket":36,"simplyswords:runic_scythe":76},"minecraft:custom":{"minecraft:interact_with_crafting_table":184,"minecraft:open_barrel":411,"minecraft:eat_cake_slice":33,"minecraft:leave_game":92,"minecraft:time_since_death":334503,"minecraft:damage_blocked_by_shield":350,"minecraft:play_time":2647247,"minecraft:deaths":8,"minecraft:jump":19909,"minecraft:enchant_item":46,"minecraft:interact_with_furnace":200,"minecraft:play_record":1,"minecraft:sleep_in_bed":11,"minecraft:damage_dealt":124972,"minecraft:interact_with_smoker":1,"minecraft:interact_with_smithing_table":14,"minecraft:inspect_dispenser":3,"minecraft:inspect_dropper":1,"minecraft:interact_with_anvil":18,"minecraft:inspect_hopper":1,"minecraft:damage_dealt_absorbed":160,"minecraft:sneak_time":40063,"minecraft:interact_with_blast_furnace":15,"minecraft:total_world_time":2647247,"minecraft:tune_noteblock":43,"minecraft:interact_with_stonecutter":2,"minecraft:time_since_rest":108195,"minecraft:swim_one_cm":228409,"minecraft:fly_one_cm":32048206,"minecraft:open_chest":1595,"minecraft:fall_one_cm":1574695,"minecraft:damage_resisted":23,"minecraft:sprint_one_cm":1754930,"minecraft:drop":744,"minecraft:play_noteblock":4,"minecraft:talked_to_villager":3,"minecraft:interact_with_brewingstand":1,"minecraft:walk_on_water_one_cm":636326,"minecraft:interact_with_loom":8,"minecraft:open_enderchest":31,"minecraft:interact_with_beacon":1,"minecraft:crouch_one_cm":83698,"minecraft:mob_kills":831,"minecraft:damage_dealt_resisted":128,"minecraft:climb_one_cm":67494,"minecraft:walk_one_cm":5148875,"minecraft:walk_under_water_one_cm":3628708,"minecraft:boat_one_cm":617932,"minecraft:interact_with_grindstone":23,"minecraft:damage_taken":29118,"minecraft:damage_absorbed":750,"minecraft:trigger_trapped_chest":1},"minecraft:crafted":{"minecraft:ender_chest":2,"minecraft:black_dye":1,"gobber2:gobber2_paxel":1,"minecraft:cooked_mutton":2,"minecraft:glass":56,"minecraft:diamond_helmet":1,"gobber2:gobber2_ring_ascent":2,"minecraft:polished_blackstone":48,"minecraft:black_wool":1,"minecraft:glass_bottle":54,"gobber2:gobber2_ingot":6,"minecraft:cooked_porkchop":34,"gobber2:gobber2_axe":1,"minecraft:spruce_door":3,"gobber2:gobber2_bow_nether":1,"gobber2:gobber2_rod":10,"minecraft:painting":8,"minecraft:stone_slab":6,"usefulbackpacks:backpack_large":1,"simplyswords:gobber_compat/gobber/gobber_warglaive":1,"gobber2:gobber2_hammer_nether":1,"minecraft:iron_pickaxe":6,"minecraft:gold_ingot":23,"gobber2:gobber2_ring_repair":1,"minecraft:polished_blackstone_bricks":48,"minecraft:iron_nugget":261,"minecraft:bone_meal":207,"minecraft:spruce_fence":33,"gobber2:gobber2_helmet":1,"gobber2:gobber2_glob":2,"minecraft:lantern":29,"minecraft:spruce_stairs":164,"minecraft:spruce_slab":12,"gobber2:gobber2_rod_nether":6,"gobber2:gobber2_boots":1,"minecraft:stone_pickaxe":1,"minecraft:spruce_boat":2,"simplyswords:gobber_compat/gobber_nether/gobber_nether_warglaive":1,"minecraft:golden_helmet":2,"minecraft:wheat":234,"minecraft:iron_leggings":1,"minecraft:white_bed":1,"minecraft:grindstone":1,"minecraft:oak_planks":528,"gobber2:gobber2_ring_acceleration":2,"minecraft:barrel":6,"gobber2:gobber2_leggings":2,"minecraft:cooked_chicken":5,"minecraft:stone":3,"gobber2:gobber2_chestplate":1,"alexscaves:pewen_planks":24,"minecraft:bow":1,"minecraft:iron_boots":1,"alexscaves:serene_salad":9,"minecraft:chest":22,"alexscaves:primitive_club":1,"gobber2:gobber2_pickaxe":1,"minecraft:golden_boots":1,"gobber2:gobber2_sword_nether":1,"minecraft:arrow":32,"gobber2:gobber2_ingot_nether":3,"minecraft:crafting_table":7,"minecraft:spruce_planks":924,"minecraft:iron_helmet":1,"minecraft:birch_planks":68,"simplyswords:netherite_scythe":1,"minecraft:tnt":6,"simplyswords:runic_scythe":2,"minecraft:spruce_trapdoor":16,"minecraft:diamond_pickaxe":2,"minecraft:iron_chestplate":1,"minecraft:paper":6,"minecraft:charcoal":2,"minecraft:emerald_block":32,"minecraft:shield":1,"gobber2:gobber2_ring_return":1,"minecraft:stick":408,"minecraft:iron_ingot":121,"xpbook:xp_tome":2,"minecraft:polished_blackstone_brick_stairs":84,"morebows:diamond_bow":1,"minecraft:shears":1,"minecraft:coal":162,"gobber2:gobber2_shovel":1,"simplyswords:diamond_scythe":1,"minecraft:furnace":7,"minecraft:oak_trapdoor":16,"alexscaves:cave_map":1,"minecraft:diamond_block":44,"minecraft:glass_pane":32,"minecraft:iron_axe":1,"gobber2:gobber2_ring_nether":3,"minecraft:cooked_beef":36,"gobber2:gobber2_sword":1,"minecraft:cooked_cod":8,"minecraft:magenta_bed":3,"minecraft:iron_sword":1,"gobber2:gobber2_ring":3,"minecraft:bowl":12,"minecraft:cooked_salmon":25,"minecraft:bucket":3,"minecraft:stone_axe":1,"minecraft:air":0,"minecraft:bread":78,"minecraft:torch":284,"minecraft:lapis_lazuli":45},"minecraft:mined":{"minecraft:dark_oak_planks":27,"minecraft:blue_carpet":1,"minecraft:white_bed":1,"minecraft:weathered_cut_copper_slab":1,"minecraft:cherry_log":56,"minecraft:jungle_leaves":13,"alexscaves:midnight_anemone":1,"alexscaves:azure_neodymium_pillar":24,"minecraft:obsidian":1,"alexscaves:limestone":38,"minecraft:carved_pumpkin":1,"minecraft:jungle_log":20,"minecraft:coal_block":11,"alexscaves:coprolith":17,"minecraft:spawner":105,"minecraft:polished_blackstone_bricks":63,"minecraft:magma_block":37,"minecraft:dark_oak_trapdoor":4,"minecraft:barrel":4,"minecraft:fire":16,"gobber2:gobber2_ore_nether":148,"minecraft:moss_carpet":1,"alexscaves:guanostone_tiles":1,"minecraft:pumpkin":6,"minecraft:deepslate_lapis_ore":13,"alexscaves:fiddlehead":2,"minecraft:cave_vines":21,"minecraft:dirt_path":2,"alexscaves:thornwood_trapdoor":1,"minecraft:pink_tulip":6,"minecraft:stripped_mangrove_wood":3,"minecraft:white_banner":1,"minecraft:player_head":1,"minecraft:brown_mushroom":1,"alexscaves:amber":11,"minecraft:crimson_nylium":28,"minecraft:torch":99,"minecraft:note_block":3,"minecraft:dark_oak_wood":7,"alexscaves:guanostone_bricks":1,"minecraft:polished_andesite_stairs":1,"minecraft:oxidized_copper":3,"minecraft:melon":98,"alexscaves:peering_coprolith":11,"gobber2:gobber2_lucky_block_nether":5,"minecraft:dead_bush":2,"alexscaves:pewen_wood":1,"minecraft:nether_brick_slab":1,"minecraft:cyan_bed":11,"minecraft:sugar_cane":11,"minecraft:amethyst_block":45,"minecraft:chain":4,"minecraft:mud":8,"minecraft:tinted_glass":16,"minecraft:jukebox":2,"minecraft:potted_poppy":1,"minecraft:grass":57,"minecraft:brown_candle":1,"minecraft:smooth_basalt":2,"minecraft:yellow_stained_glass":2,"minecraft:deepslate":1662,"minecraft:yellow_terracotta":1,"minecraft:dark_prismarine":5,"alexscaves:acidic_radrock":4,"alexscaves:primal_magma":35,"alexscaves:coprolith_slab":1,"minecraft:mossy_cobblestone":24,"alexscaves:radrock":61,"minecraft:stripped_birch_log":3,"minecraft:cherry_sapling":1,"minecraft:dark_oak_log":15,"minecraft:dark_oak_fence":3,"minecraft:allium":3,"minecraft:spruce_fence":6,"alexscaves:abyssmarine":1,"alexscaves:pewen_log":21,"minecraft:crimson_roots":4,"minecraft:redstone_wire":1,"minecraft:red_mushroom":3,"minecraft:moss_block":9,"alexscaves:thornwood_branch":1,"minecraft:cartography_table":1,"alexscaves:galena":4,"alexscaves:mussel":6,"alexscaves:archaic_vine_plant":5,"minecraft:redstone_ore":5,"minecraft:waxed_oxidized_cut_copper":6,"minecraft:packed_mud":13,"minecraft:acacia_trapdoor":1,"alexscaves:pewen_pines":2,"minecraft:andesite":107,"alexscaves:heart_of_iron":2,"minecraft:vine":10,"minecraft:ender_chest":6,"minecraft:white_wool":1,"minecraft:cake":3,"minecraft:waxed_weathered_cut_copper_stairs":1,"minecraft:soul_sand":2,"alexscaves:azure_neodymium_node":1,"minecraft:stone_brick_slab":2,"minecraft:observer":1,"iceandfire:frozen_gravel":16,"minecraft:cornflower":12,"alexscaves:flytrap":4,"minecraft:emerald_ore":1,"minecraft:warped_roots":2,"minecraft:campfire":11,"minecraft:lightning_rod":1,"minecraft:copper_ore":5,"minecraft:tall_grass":3,"minecraft:deepslate_gold_ore":23,"alexscaves:archaic_vine":2,"minecraft:diorite":7,"minecraft:black_stained_glass":1,"minecraft:coarse_dirt":3,"alexscaves:depth_glass":16,"minecraft:purple_stained_glass":2,"minecraft:spruce_log":149,"minecraft:birch_leaves":8,"minecraft:weathered_cut_copper":1,"iceandfire:silver_pile":1,"alexscaves:cycad":5,"minecraft:gravel":181,"minecraft:dripstone_block":4,"minecraft:cobweb":10,"minecraft:acacia_planks":3,"minecraft:stone_bricks":1,"minecraft:gold_ore":3,"minecraft:waxed_exposed_cut_copper":1,"minecraft:iron_trapdoor":5,"minecraft:fern":32,"minecraft:waxed_cut_copper_slab":6,"alexscaves:guanostone":11,"minecraft:spruce_planks":46,"minecraft:mossy_stone_brick_slab":1,"minecraft:orange_stained_glass":5,"minecraft:grass_block":466,"minecraft:spruce_trapdoor":37,"minecraft:cave_vines_plant":11,"minecraft:infested_cobblestone":2,"minecraft:budding_amethyst":2,"gobber2:gobber2_ore_deepslate":102,"gobber2:gobber2_lucky_block":15,"minecraft:cracked_polished_blackstone_bricks":20,"alexscaves:sulfur":15,"minecraft:mud_bricks":5,"minecraft:smooth_stone":2,"minecraft:iron_ore":27,"minecraft:black_carpet":1,"minecraft:dark_oak_stairs":7,"minecraft:red_tulip":1,"minecraft:iron_bars":2,"alexscaves:underweed":1,"alexscaves:rusty_scrap_metal_plate":6,"minecraft:azalea":1,"minecraft:spruce_slab":6,"minecraft:waxed_cut_copper_stairs":3,"minecraft:waxed_cut_copper":5,"minecraft:deepslate_redstone_ore":124,"alexscaves:fern_thatch":1,"minecraft:blackstone":33,"minecraft:polished_deepslate_stairs":2,"alexscaves:cinder_block_wall":1,"minecraft:clay":8,"iceandfire:dragon_ice_spikes":3,"minecraft:soul_lantern":1,"alexscaves:ancient_leaves":39,"alexscaves:thornwood_wood":3,"minecraft:calcite":33,"minecraft:chest":3,"iceandfire:frozen_dirt":5,"minecraft:nether_quartz_ore":1162,"minecraft:wither_skeleton_wall_skull":1,"minecraft:cobblestone":117,"minecraft:oak_planks":20,"minecraft:iron_door":4,"minecraft:wall_torch":16,"alexscaves:thornwood_planks":2,"minecraft:deepslate_copper_ore":2,"minecraft:dark_oak_slab":4,"minecraft:nether_wart_block":2,"minecraft:waxed_oxidized_cut_copper_stairs":3,"minecraft:birch_log":42,"minecraft:tnt":2,"minecraft:orange_tulip":1,"minecraft:smooth_stone_slab":1,"minecraft:oak_log":317,"alexscaves:coprolith_coal_ore":1,"minecraft:acacia_fence":1,"minecraft:dirt":214,"minecraft:sand":327,"alexscaves:unrefined_waste":1,"minecraft:tripwire_hook":1,"minecraft:wither_skeleton_skull":2,"minecraft:netherrack":2224,"minecraft:ancient_debris":6,"minecraft:oak_leaves":73,"minecraft:redstone_lamp":2,"minecraft:cyan_candle":3,"minecraft:nether_gold_ore":75,"alexscaves:spelunkery_table":3,"minecraft:tuff":840,"minecraft:deepslate_diamond_ore":125,"minecraft:dark_oak_leaves":192,"iceandfire:frozen_cobblestone":5,"minecraft:glow_lichen":1,"gravestone:gravestone":4,"alexscaves:sulfur_cluster":1,"minecraft:decorated_pot":2,"minecraft:soul_campfire":2,"minecraft:mangrove_trapdoor":3,"minecraft:birch_slab":5,"minecraft:spruce_leaves":55,"minecraft:sandstone":49,"minecraft:crimson_stem":2,"minecraft:large_fern":20,"minecraft:hay_block":51,"alexscaves:radrock_uranium_ore":33,"minecraft:oxidized_cut_copper":10,"alexscaves:subterranodon_egg":1,"minecraft:oak_trapdoor":19,"minecraft:furnace":2,"minecraft:raw_gold_block":3,"minecraft:nether_sprouts":2,"minecraft:waxed_oxidized_cut_copper_slab":2,"alexscaves:energized_galena_azure":2,"minecraft:peony":1,"minecraft:nether_brick_fence":2,"minecraft:bookshelf":43,"minecraft:deepslate_iron_ore":95,"minecraft:lantern":5,"minecraft:oxidized_cut_copper_slab":2,"minecraft:stripped_oak_log":5,"minecraft:packed_ice":1,"alexscaves:curly_fern":34,"minecraft:white_tulip":3,"minecraft:stone":822,"alexscaves:porous_coprolith":13,"minecraft:basalt":5,"minecraft:spruce_door":3,"minecraft:crafting_table":7,"minecraft:cyan_stained_glass_pane":2,"minecraft:oak_wood":4,"minecraft:rose_bush":2,"minecraft:lapis_ore":1,"minecraft:polished_blackstone_brick_stairs":22,"minecraft:spruce_stairs":96,"alexscaves:ping_pong_sponge":2,"minecraft:birch_planks":13,"alexscaves:nuclear_siren":1,"minecraft:redstone_torch":1,"minecraft:sweet_berry_bush":18,"minecraft:ice":1,"alexscaves:waste_drum":11,"gobber2:gobber2_lucky_block_deepslate":8,"minecraft:coal_ore":174,"minecraft:cherry_leaves":472,"minecraft:yellow_concrete":2,"minecraft:gray_carpet":2,"minecraft:polished_andesite":4,"minecraft:mossy_stone_bricks":1,"alexscaves:scarlet_neodymium_pillar":39},"minecraft:broken":{"minecraft:iron_sword":1,"minecraft:leather_helmet":1,"minecraft:iron_pickaxe":5,"minecraft:golden_leggings":1},"minecraft:killed":{"minecraft:cave_spider":8,"alexscaves:boundroid":1,"minecraft:dolphin":1,"minecraft:skeleton":134,"alexscaves:mine_guardian":12,"alexscaves:radgill":1,"alexscaves:underzealot":4,"minecraft:chicken":19,"mowziesmobs:umvuthana_crane":2,"alexscaves:forsaken":1,"minecraft:tropical_fish":1,"alexscaves:teletor":2,"minecraft:magma_cube":15,"minecraft:parrot":5,"alexscaves:gammaroach":4,"alexscaves:deep_one_knight":4,"minecraft:pillager":17,"minecraft:zombie":158,"alexscaves:trilocaris":1,"minecraft:glow_squid":1,"iceandfire:sea_serpent":1,"minecraft:cow":20,"alexscaves:corrodent":2,"minecraft:evoker":1,"alexscaves:brainiac":7,"minecraft:vindicator":26,"alexscaves:vesper":20,"alexscaves:ferrouslime":1,"alexscaves:deep_one":20,"mowziesmobs:ferrous_wroughtnaut":1,"iceandfire:hippocampus":2,"minecraft:husk":47,"iceandfire:cyclops":1,"iceandfire:ice_dragon":1,"alexscaves:grottoceratops":3,"minecraft:enderman":15,"alexscaves:gloomoth":1,"minecraft:zombified_piglin":2,"mowziesmobs:umvuthi":2,"minecraft:spider":28,"minecraft:wither":4,"minecraft:silverfish":22,"minecraft:illusioner":7,"minecraft:piglin_brute":8,"alexscaves:notor":2,"minecraft:piglin":16,"minecraft:pig":17,"minecraft:zombie_villager":4,"mowziesmobs:umvuthana_follower_player":1,"alexscaves:deep_one_mage":2,"minecraft:strider":1,"minecraft:creeper":15,"minecraft:sheep":14,"mowziesmobs:lantern":1,"minecraft:ghast":2,"alexscaves:luxtructosaurus":1,"minecraft:blaze":16,"alexscaves:vallumraptor":7,"alexscaves:tremorsaurus":2,"alexscaves:watcher":1,"alexscaves:raycat":2,"alexscaves:nucleeper":5,"minecraft:phantom":14,"alexscaves:lanternfish":1,"minecraft:drowned":4,"alexscaves:relicheirus":1,"minecraft:bat":1,"minecraft:hoglin":7,"alexscaves:magnetron":2,"alexscaves:subterranodon":4,"minecraft:wither_skeleton":19},"minecraft:killed_by":{"minecraft:piglin_brute":1,"alexscaves:deep_one_knight":1,"alexscaves:deep_one":1,"minecraft:creeper":1,"minecraft:hoglin":1,"minecraft:skeleton":1},"minecraft:dropped":{"minecraft:iron_sword":7,"iceandfire:raw_silver":1,"minecraft:porkchop":9,"minecraft:stripped_mangrove_wood":2,"minecraft:glow_ink_sac":1,"minecraft:diamond":9,"minecraft:crafting_table":1,"alexscaves:curly_fern":30,"minecraft:cooked_porkchop":6,"minecraft:crossbow":2,"minecraft:glow_item_frame":1,"minecraft:oxidized_cut_copper_slab":1,"alexscaves:pewen_log":15,"xpbook:xp_tome":3,"minecraft:rail":1,"minecraft:red_mushroom":3,"minecraft:item_frame":3,"iceandfire:sea_serpent_scales_teal":2,"minecraft:packed_mud":56,"minecraft:dirt":104,"minecraft:dark_oak_fence":4,"minecraft:snout_armor_trim_smithing_template":1,"minecraft:cherry_leaves":64,"minecraft:chain":2,"minecraft:wooden_sword":1,"minecraft:gold_nugget":19,"minecraft:bone_meal":1,"alexscaves:muck":16,"minecraft:phantom_membrane":42,"gobber2:gobber2_goo":4,"minecraft:sand":30,"minecraft:iron_pickaxe":3,"minecraft:dark_oak_planks":23,"minecraft:fishing_rod":1,"minecraft:white_wool":33,"alexscaves:cycad":2,"minecraft:bone":126,"minecraft:note_block":3,"minecraft:waxed_cut_copper_stairs":3,"minecraft:cooked_chicken":2,"minecraft:golden_chestplate":1,"alexscaves:diving_leggings":1,"minecraft:cobbled_deepslate":1374,"minecraft:tinted_glass":3,"minecraft:black_carpet":1,"alexscaves:cave_tablet":16,"minecraft:birch_sapling":6,"minecraft:rotten_flesh":458,"minecraft:oak_planks":69,"gobber2:gobber2_gooey_beefstew":1,"minecraft:nether_brick_fence":4,"alexscaves:pewen_planks":11,"alexscaves:sea_staff":2,"iceandfire:shiny_scales":48,"minecraft:tipped_arrow":4,"alexscaves:cave_book":1,"alexscaves:guanostone_chiseled":4,"minecraft:charcoal":8,"minecraft:jungle_log":16,"alexscaves:guanostone_bricks":12,"alexscaves:cooked_lanternfish":2,"minecraft:brown_candle":4,"minecraft:spruce_slab":11,"minecraft:glass":2,"minecraft:crying_obsidian":2,"minecraft:ghast_tear":1,"minecraft:egg":2,"minecraft:iron_ingot":39,"gobber2:gobber2_ingot":7,"minecraft:netherite_pickaxe":1,"minecraft:wheat_seeds":8,"gobber2:gobber2_ring_acceleration":2,"minecraft:mangrove_trapdoor":2,"minecraft:dripstone_block":24,"minecraft:oxidized_cut_copper":27,"minecraft:waxed_oxidized_cut_copper_stairs":9,"minecraft:yellow_terracotta":1,"minecraft:iron_helmet":7,"minecraft:feather":5,"minecraft:cobblestone":1548,"minecraft:spruce_door":8,"mowziesmobs:naga_fang_dagger":1,"minecraft:coal":45,"minecraft:polished_andesite":12,"minecraft:cobweb":4,"minecraft:gray_wool":3,"minecraft:iron_trapdoor":5,"minecraft:ink_sac":1,"minecraft:rose_bush":2,"minecraft:diamond_helmet":1,"minecraft:stripped_birch_log":5,"alexscaves:limestone":92,"minecraft:mud":2,"alexscaves:lanternfish":2,"minecraft:iron_shovel":1,"minecraft:string":146,"alexscaves:tripodfish":3,"minecraft:oxidized_copper":17,"minecraft:pink_tulip":22,"minecraft:stone_brick_slab":3,"iceandfire:frozen_cobblestone":44,"simplyswords:iron_cutlass":1,"iceandfire:silver_nugget":58,"minecraft:moss_carpet":2,"minecraft:stone_sword":1,"minecraft:smooth_stone_slab":1,"minecraft:bowl":12,"gobber2:gobber2_gooey_beef":3,"minecraft:clay_ball":12,"minecraft:iron_boots":6,"minecraft:stone_slab":5,"minecraft:spruce_fence":7,"minecraft:polished_deepslate_stairs":1,"alexscaves:cooked_tripodfish":1,"gobber2:gobber2_globette":19,"iceandfire:dragon_ice":4,"minecraft:spruce_boat":1,"alexscaves:cooked_radgill":3,"minecraft:allium":2,"minecraft:waxed_cut_copper":3,"minecraft:peony":1,"minecraft:spruce_trapdoor":5,"minecraft:spruce_planks":52,"alexscaves:ortholance":2,"alexscaves:coprolith_slab":4,"minecraft:spider_eye":144,"minecraft:redstone_torch":1,"minecraft:stone_bricks":10,"minecraft:barrel":1,"minecraft:weathered_cut_copper":3,"minecraft:sandstone":47,"minecraft:bow":7,"minecraft:red_tulip":3,"minecraft:magma_block":12,"minecraft:dark_prismarine":15,"minecraft:black_wool":3,"minecraft:spruce_sign":2,"alexscaves:depth_glass":46,"minecraft:birch_planks":9,"minecraft:soul_sand":1,"minecraft:moss_block":3,"minecraft:brown_mushroom":1,"minecraft:dark_oak_stairs":6,"minecraft:oak_log":1,"minecraft:baked_potato":2,"minecraft:dark_oak_sapling":1,"alexscaves:burrowing_arrow":1,"minecraft:netherite_upgrade_smithing_template":1,"minecraft:weathered_cut_copper_slab":1,"simplyswords:diamond_halberd":1,"minecraft:lantern":1,"minecraft:leather":30,"minecraft:birch_slab":4,"minecraft:raw_gold_block":2,"minecraft:flint":24,"minecraft:cod":1,"minecraft:cobblestone_stairs":1,"minecraft:cracked_polished_blackstone_bricks":13,"minecraft:redstone_lamp":1,"minecraft:dark_oak_log":9,"minecraft:polished_blackstone_brick_stairs":10,"minecraft:cornflower":18,"minecraft:mutton":61,"minecraft:crimson_roots":5,"gravestone:obituary":2,"alexscaves:cave_map":1,"minecraft:polished_blackstone_bricks":2,"alexscaves:azure_neodymium_pillar":6,"minecraft:birch_log":23,"gobber2:gobber2_gooey_bread":8,"minecraft:gold_ingot":5,"minecraft:gravel":94,"minecraft:white_tulip":1,"alexscaves:cinder_block_wall":1,"minecraft:blackstone":34,"alexscaves:pewen_sapling":2,"alexscaves:radrock":345,"gobber2:gobber2_hammer_nether":1,"minecraft:pointed_dripstone":2,"minecraft:cherry_sapling":10,"alexscaves:rusty_scrap_metal_plate":18,"minecraft:mossy_stone_brick_slab":3,"alexscaves:pewen_wood":1,"minecraft:waxed_oxidized_cut_copper_slab":2,"minecraft:carrot":7,"gobber2:gobber2_ingot_nether":13,"minecraft:chainmail_chestplate":1,"minecraft:poppy":1,"minecraft:leather_chestplate":2,"alexscaves:thornwood_trapdoor":2,"minecraft:gunpowder":60,"minecraft:arrow":113,"minecraft:quartz":65,"minecraft:netherrack":255,"alexscaves:nuclear_bomb":1,"minecraft:torchflower":1,"minecraft:stripped_spruce_log":1,"gobber2:gobber2_foo":4,"minecraft:golden_helmet":3,"minecraft:cherry_log":32,"minecraft:golden_axe":1,"minecraft:observer":1,"minecraft:amethyst_block":8,"minecraft:copper_ingot":4,"minecraft:spruce_stairs":9,"minecraft:grass_block":2,"alexscaves:coprolith":116,"minecraft:stick":76,"minecraft:milk_bucket":1,"minecraft:diorite":7,"minecraft:torch":15,"minecraft:repeater":1,"minecraft:brown_wool":1,"minecraft:iron_door":3,"minecraft:iron_leggings":4,"alexscaves:thornwood_planks":1,"minecraft:polished_andesite_stairs":2,"minecraft:iron_axe":1,"alexscaves:guanostone":119,"minecraft:redstone":108,"minecraft:waxed_weathered_cut_copper_stairs":6,"minecraft:nether_brick_slab":1,"minecraft:kelp":1,"minecraft:sweet_berries":1,"minecraft:warped_nylium":1,"minecraft:coarse_dirt":5,"minecraft:raw_copper":206,"minecraft:tuff":569,"minecraft:raw_iron":29,"minecraft:light_gray_wool":1,"alexscaves:guanostone_tiles":2,"minecraft:stripped_oak_log":3,"minecraft:waxed_exposed_cut_copper":1,"alexscaves:tectonic_shard":4,"alexscaves:radgill":1,"minecraft:mud_bricks":2,"minecraft:shield":4,"minecraft:iron_chestplate":5,"minecraft:andesite":449,"gobber2:gobber2_rod":1,"minecraft:golden_sword":2,"alexscaves:pine_nuts":1,"minecraft:diamond_boots":1,"minecraft:spruce_log":53,"minecraft:wooden_pickaxe":1,"minecraft:calcite":301},"minecraft:picked_up":{"minecraft:iron_chestplate":3,"minecraft:birch_door":1,"alexscaves:waste_drum":11,"alexscaves:tough_hide":5,"minecraft:prismarine_shard":62,"minecraft:diamond_sword":1,"alexscaves:guanostone_tiles":2,"minecraft:wither_rose":1,"minecraft:enchanted_book":11,"minecraft:golden_sword":3,"minecraft:amethyst_block":200,"minecraft:polished_blackstone_brick_stairs":21,"minecraft:string":152,"minecraft:dark_oak_trapdoor":2,"minecraft:cooked_salmon":14,"minecraft:beetroot_soup":1,"gobber2:gobber2_glass_nether":1,"minecraft:pufferfish":1,"minecraft:gold_nugget":105,"minecraft:cobbled_deepslate":1507,"minecraft:spruce_planks":47,"minecraft:waxed_exposed_cut_copper":1,"alexscaves:magic_conch":1,"minecraft:melon_slice":585,"minecraft:coal_block":16,"mowziesmobs:naga_fang_dagger":1,"minecraft:golden_helmet":1,"gobber2:gobber2_ingot_nether":54,"minecraft:weathered_cut_copper_slab":1,"alexscaves:thornwood_wood":3,"minecraft:jukebox":2,"minecraft:golden_axe":1,"alexscaves:cinder_block_wall":1,"minecraft:lightning_rod":1,"minecraft:cherry_log":32,"minecraft:golden_chestplate":1,"minecraft:waxed_cut_copper_stairs":3,"minecraft:stone_sword":1,"simplyswords:soulstealer":1,"minecraft:tropical_fish":5,"minecraft:red_tulip":3,"alexscaves:dreadbow":1,"alexscaves:serene_salad":5,"alexscaves:primitive_club":1,"alexscaves:archaic_vine":2,"alexscaves:midnight_anemone":5,"minecraft:waxed_cut_copper":3,"minecraft:blaze_rod":7,"minecraft:iron_bars":1,"minecraft:snowball":2,"minecraft:birch_log":40,"minecraft:magma_block":27,"minecraft:cooked_beef":22,"minecraft:feather":137,"minecraft:oxidized_copper":17,"minecraft:water_bucket":1,"minecraft:birch_slab":5,"minecraft:iron_door":4,"minecraft:cherry_leaves":166,"minecraft:jungle_log":16,"minecraft:brown_wool":1,"minecraft:flint":80,"gobber2:gobber2_gooey_bread_nether":1,"alexscaves:ping_pong_sponge":3,"minecraft:lantern":6,"minecraft:brown_candle":4,"alexscaves:galena":132,"gobber2:gobber2_helmet":1,"alexscaves:extinction_spear":1,"alexscaves:guano":12,"alexscaves:depth_charge":10,"gobber2:gobber2_globette":207,"alexscaves:porous_coprolith":71,"minecraft:moss_block":5,"alexscaves:rusty_scrap_metal_plate":31,"gobber2:gobber2_medallion_exp":1,"alexscaves:nuclear_siren":1,"alexscaves:amber_curiosity":2,"alexscaves:baleen_bone":3,"iceandfire:amphithere_macuahuitl":1,"iceandfire:shiny_scales":48,"minecraft:stripped_spruce_log":1,"minecraft:dark_oak_log":9,"minecraft:barrel":3,"minecraft:polished_andesite":12,"alexscaves:occult_gem":1,"alexscaves:hood_of_darkness":1,"alexscaves:heart_of_iron":2,"minecraft:bread":47,"minecraft:dark_oak_fence":5,"minecraft:crimson_roots":7,"iceandfire:raw_silver":1,"alexscaves:ortholance":2,"alexscaves:raw_scarlet_neodymium":107,"minecraft:crafting_table":8,"minecraft:mud":2,"minecraft:coarse_dirt":6,"alexscaves:primal_magma":45,"minecraft:clay_ball":12,"minecraft:golden_pickaxe":1,"minecraft:redstone_lamp":1,"usefulbackpacks:backpack_medium":1,"alexscaves:thornwood_branch":1,"iceandfire:sea_serpent_scales_blue":1,"minecraft:cornflower":18,"iceandfire:hippocampus_slapper":1,"alexscaves:fiddlehead":16,"minecraft:iron_shovel":1,"minecraft:glass_pane":1,"alexscaves:scrap_metal":20,"iceandfire:bestiary":1,"minecraft:cartography_table":1,"alexscaves:burrowing_arrow":1,"minecraft:beef":41,"minecraft:poppy":1,"minecraft:spruce_slab":5,"minecraft:chest":2,"minecraft:birch_sapling":6,"minecraft:egg":4,"minecraft:sandstone":48,"alexscaves:guanostone":154,"minecraft:raw_gold_block":2,"minecraft:glow_item_frame":5,"alexscaves:cycad":6,"minecraft:music_disc_mellohi":1,"minecraft:spruce_fence":6,"minecraft:mangrove_sign":1,"minecraft:carrot":8,"minecraft:redstone":388,"minecraft:netherite_pickaxe":1,"minecraft:mangrove_trapdoor":5,"minecraft:blue_carpet":3,"mowziesmobs:umvuthana_mask_faith":3,"minecraft:tnt":2,"minecraft:cooked_cod":1,"minecraft:decorated_pot":1,"minecraft:peony":1,"minecraft:diamond_boots":2,"minecraft:deepslate_bricks":1,"minecraft:waxed_oxidized_cut_copper_stairs":9,"minecraft:hay_block":51,"minecraft:yellow_terracotta":1,"minecraft:gold_ingot":5,"minecraft:totem_of_undying":2,"alexscaves:guanostone_bricks":12,"minecraft:glow_berries":46,"minecraft:mutton":101,"minecraft:white_wool":50,"minecraft:rail":1,"minecraft:stripped_oak_log":3,"minecraft:mud_bricks":3,"alexscaves:pewen_log":21,"iceandfire:sea_serpent_fang":11,"alexscaves:sulfur_dust":97,"minecraft:tripwire_hook":1,"minecraft:red_mushroom":6,"minecraft:filled_map":2,"minecraft:packed_mud":61,"alexscaves:depth_glass":46,"minecraft:oak_log":317,"minecraft:ancient_debris":5,"alexscaves:charred_remnant":50,"mowziesmobs:wrought_axe":1,"minecraft:white_banner":1,"alexscaves:pewen_sapling":4,"minecraft:stone_bricks":10,"alexscaves:cooked_dinosaur_chop":7,"minecraft:kelp":1,"alexscaves:green_soylent":59,"minecraft:waxed_weathered_cut_copper_stairs":6,"minecraft:cobweb":4,"gobber2:gobber2_staff_stars":1,"minecraft:iron_sword":4,"alexscaves:coprolith":116,"alexscaves:abyssmarine_pillar":13,"minecraft:dark_oak_stairs":7,"minecraft:polished_andesite_stairs":2,"minecraft:dark_oak_slab":3,"minecraft:milk_bucket":1,"minecraft:sweet_berries":39,"minecraft:gravel":116,"iceandfire:cyclops_skull":1,"minecraft:spruce_sapling":5,"minecraft:spruce_log":175,"alexscaves:telecore":1,"minecraft:leather_helmet":1,"minecraft:oak_wood":30,"alexscaves:pearl":50,"minecraft:slime_ball":10,"alexscaves:mussel":3,"alexscaves:pine_nuts":16,"minecraft:diamond_axe":1,"minecraft:painting":4,"minecraft:gray_wool":3,"alexscaves:scarlet_neodymium_pillar":21,"alexscaves:cave_map":3,"gobber2:gobber2_hammer_nether":1,"mowziesmobs:umvuthana_mask_fear":1,"minecraft:baked_potato":2,"minecraft:warped_nylium":1,"gobber2:gobber2_goo_nether":2,"alexscaves:hollow_bone":2,"minecraft:ender_pearl":74,"minecraft:music_disc_strad":2,"minecraft:black_carpet":1,"minecraft:ender_chest":7,"minecraft:redstone_block":2,"minecraft:nether_brick_fence":4,"minecraft:iron_trapdoor":5,"alexscaves:sea_staff":2,"minecraft:potion":1,"minecraft:waxed_cut_copper_slab":5,"minecraft:raw_copper":210,"iceandfire:sea_serpent_scales_teal":2,"minecraft:smooth_stone_slab":1,"minecraft:iron_leggings":2,"minecraft:armor_stand":1,"alexscaves:acidic_radrock":3,"minecraft:white_tulip":1,"minecraft:rose_bush":2,"minecraft:redstone_torch":1,"minecraft:calcite":366,"minecraft:ender_eye":5,"minecraft:iron_pickaxe":2,"gobber2:gobber2_ring_acceleration":2,"alexscaves:flytrap":5,"minecraft:iron_boots":2,"minecraft:furnace":2,"minecraft:tipped_arrow":2,"minecraft:stick":42,"mowziesmobs:sol_visage":1,"minecraft:polished_deepslate_stairs":1,"minecraft:torch":143,"alexscaves:raw_azure_neodymium":65,"minecraft:spruce_stairs":92,"alexscaves:heavy_bone":20,"alexscaves:resistor_shield":1,"minecraft:porkchop":94,"minecraft:pointed_dripstone":2,"minecraft:diorite":9,"minecraft:goat_horn":1,"gobber2:gobber2_foo":4,"minecraft:rotten_flesh":642,"minecraft:obsidian":9,"minecraft:cod":9,"minecraft:cobblestone":2419,"minecraft:leather_chestplate":2,"minecraft:magma_cream":1,"minecraft:repeater":1,"minecraft:andesite":455,"minecraft:golden_leggings":1,"minecraft:mud_brick_stairs":2,"gobber2:gobber2_leggings":2,"minecraft:potato":1,"alexscaves:cave_book":2,"minecraft:magenta_dye":5,"minecraft:tuff":677,"minecraft:wither_skeleton_skull":49,"minecraft:stripped_birch_log":3,"minecraft:lapis_lazuli":115,"alexscaves:lanternfish":1,"minecraft:dirt":580,"minecraft:weathered_cut_copper":3,"alexscaves:muck":16,"minecraft:bone":294,"alexscaves:toxic_paste":29,"minecraft:bow":12,"gobber2:gobber2_gooey_beef":5,"minecraft:wheat_seeds":12,"minecraft:raw_gold":23,"minecraft:bamboo":6,"minecraft:cyan_candle":6,"minecraft:oak_planks":57,"gobber2:gobber2_gooey_bread":10,"minecraft:ghast_tear":1,"minecraft:cooked_porkchop":17,"alexscaves:abyssmarine":1,"alexscaves:uranium":150,"gobber2:gobber2_chestplate":2,"gobber2:gobber2_ring_phoenix":1,"minecraft:sand":271,"minecraft:grass_block":2,"minecraft:cyan_bed":11,"minecraft:diamond_block":1,"minecraft:oxidized_cut_copper_slab":1,"minecraft:mossy_cobblestone":9,"minecraft:dark_prismarine":16,"alexscaves:cooked_radgill":1,"simplyswords:diamond_claymore":1,"minecraft:sugar":1,"minecraft:diamond":240,"minecraft:spruce_boat":9,"minecraft:soul_lantern":2,"iceandfire:tide_trident":1,"alexscaves:coprolith_slab":4,"iceandfire:dragon_ice":4,"minecraft:cracked_polished_blackstone_bricks":18,"minecraft:oak_leaves":55,"minecraft:crossbow":1,"alexscaves:hero_pottery_sherd":1,"minecraft:golden_apple":4,"minecraft:spruce_sign":2,"minecraft:emerald":209,"minecraft:netherrack":1117,"gobber2:gobber2_boots":2,"iceandfire:silver_nugget":120,"gobber2:gobber2_goo":9,"minecraft:nether_star":4,"minecraft:fishing_rod":1,"minecraft:charcoal":23,"minecraft:waxed_oxidized_cut_copper":4,"minecraft:allium":3,"minecraft:chicken":39,"gobber2:gobber2_rod":1,"alexscaves:raygun":1,"minecraft:wooden_pickaxe":1,"mowziesmobs:glowing_jelly":18,"minecraft:diamond_horse_armor":1,"iceandfire:frozen_cobblestone":44,"minecraft:chain":3,"minecraft:shield":2,"alexscaves:tectonic_shard":4,"alexscaves:metal_swarf":3,"minecraft:oak_trapdoor":19,"minecraft:moss_carpet":2,"minecraft:iron_axe":1,"minecraft:wooden_sword":1,"minecraft:item_frame":6,"minecraft:cyan_carpet":2,"minecraft:blackstone":86,"minecraft:player_head":9,"minecraft:observer":1,"minecraft:light_gray_wool":1,"minecraft:tinted_glass":12,"minecraft:sugar_cane":25,"minecraft:spruce_trapdoor":45,"minecraft:phantom_membrane":45,"minecraft:dark_oak_sapling":1,"minecraft:raw_iron":165,"minecraft:stripped_mangrove_wood":5,"minecraft:copper_ingot":9,"minecraft:note_block":3,"minecraft:polished_blackstone_bricks":103,"minecraft:trident":2,"minecraft:iron_horse_armor":2,"minecraft:dark_oak_planks":29,"alexscaves:gazing_pearl":2,"gobber2:gobber2_globette_nether":172,"minecraft:arrow":531,"iceandfire:cyclops_eye":1,"alexscaves:dark_tatters":7,"alexscaves:pewen_wood":1,"alexscaves:spelunkery_table":3,"minecraft:pink_tulip":22,"minecraft:saddle":1,"alexscaves:vesper_wing":3,"alexscaves:thornwood_fence":1,"minecraft:wet_sponge":2,"mowziesmobs:umvuthana_mask_fury":1,"gobber2:gobber2_ring_vision":1,"alexscaves:guanostone_chiseled":4,"minecraft:basalt":5,"minecraft:salmon":3,"minecraft:glow_ink_sac":4,"gobber2:gobber2_ingot":54,"minecraft:leather":41,"gobber2:gobber2_gooey_beefstew":1,"minecraft:music_disc_stal":1,"alexscaves:forsaken_idol":1,"minecraft:birch_planks":14,"alexscaves:limestone":92,"minecraft:chainmail_chestplate":1,"minecraft:gunpowder":63,"minecraft:cobblestone_stairs":1,"alexscaves:ferrouslime_ball":3,"alexscaves:amber":23,"minecraft:cooked_mutton":6,"alexscaves:cloak_of_darkness":1,"alexscaves:azure_neodymium_node":1,"minecraft:gray_carpet":5,"alexscaves:thornwood_planks":1,"minecraft:iron_ingot":20,"alexscaves:radrock":345,"minecraft:cooked_chicken":8,"alexscaves:curly_fern":46,"minecraft:oxidized_cut_copper":27,"minecraft:soul_sand":3,"minecraft:book":108,"minecraft:pumpkin":8,"alexscaves:fissile_core":49,"minecraft:stone_brick_slab":3,"minecraft:quartz":909,"minecraft:dripstone_block":24,"alexscaves:tree_star":10,"minecraft:amethyst_shard":8,"mowziesmobs:wrought_helmet":1,"minecraft:white_bed":1,"minecraft:nether_brick_slab":1,"minecraft:spruce_door":11,"minecraft:mossy_stone_brick_slab":3,"minecraft:spider_eye":144,"usefulbackpacks:backpack_large":1,"gobber2:gobber2_medallion_breathing":1,"alexscaves:thornwood_trapdoor":2,"simplyswords:gold_halberd":1,"xpbook:xp_tome":3,"minecraft:iron_helmet":2,"minecraft:cherry_sapling":19,"alexscaves:azure_neodymium_pillar":6,"minecraft:waxed_oxidized_cut_copper_slab":2,"minecraft:black_wool":4,"minecraft:dark_oak_wood":2,"minecraft:coal":430,"alexscaves:ancient_sapling":2}},"DataVersion":3465}