{"stats":{"minecraft:picked_up":{"minecraft:music_disc_strad":2,"minecraft:birch_door":1,"minecraft:iron_chestplate":3,"minecraft:black_carpet":1,"minecraft:iron_trapdoor":2,"minecraft:wither_rose":1,"minecraft:string":2,"minecraft:cooked_salmon":14,"minecraft:iron_leggings":2,"minecraft:beetroot_soup":1,"gobber2:gobber2_glass_nether":1,"minecraft:pufferfish":1,"minecraft:cobbled_deepslate":778,"minecraft:spruce_planks":6,"minecraft:calcite":1,"minecraft:iron_pickaxe":2,"minecraft:coal_block":16,"minecraft:furnace":2,"minecraft:stick":8,"minecraft:jukebox":1,"minecraft:polished_deepslate_stairs":1,"minecraft:torch":53,"minecraft:spruce_stairs":2,"minecraft:porkchop":13,"minecraft:diorite":2,"gobber2:gobber2_foo":2,"minecraft:rotten_flesh":72,"minecraft:tropical_fish":1,"minecraft:obsidian":1,"minecraft:cod":8,"minecraft:cobblestone":115,"minecraft:magma_block":15,"minecraft:feather":40,"minecraft:andesite":4,"minecraft:brown_wool":1,"minecraft:potato":1,"minecraft:flint":1,"alexscaves:cave_book":1,"minecraft:tuff":428,"gobber2:gobber2_gooey_bread_nether":1,"minecraft:dirt":13,"minecraft:lapis_lazuli":40,"minecraft:bone":45,"minecraft:bow":2,"gobber2:gobber2_gooey_beef":2,"minecraft:wheat_seeds":1,"minecraft:raw_gold":23,"minecraft:cyan_candle":6,"minecraft:moss_block":1,"gobber2:gobber2_gooey_bread":2,"minecraft:sand":9,"minecraft:cyan_bed":5,"minecraft:mossy_cobblestone":4,"minecraft:dark_prismarine":1,"minecraft:sugar":1,"minecraft:diamond":34,"minecraft:soul_lantern":1,"minecraft:cracked_polished_blackstone_bricks":2,"minecraft:golden_apple":1,"minecraft:emerald":3,"minecraft:netherrack":130,"gobber2:gobber2_goo":5,"minecraft:crimson_roots":1,"minecraft:charcoal":23,"minecraft:crafting_table":4,"minecraft:chicken":15,"minecraft:wooden_pickaxe":1,"usefulbackpacks:backpack_medium":1,"minecraft:chain":1,"minecraft:shield":1,"minecraft:item_frame":3,"minecraft:iron_shovel":1,"minecraft:cyan_carpet":2,"minecraft:blackstone":4,"minecraft:cartography_table":1,"minecraft:beef":18,"minecraft:light_gray_wool":1,"minecraft:sugar_cane":4,"minecraft:egg":4,"minecraft:raw_iron":136,"minecraft:stripped_mangrove_wood":3,"minecraft:polished_blackstone_bricks":9,"minecraft:mangrove_sign":1,"minecraft:carrot":1,"minecraft:redstone":139,"minecraft:mangrove_trapdoor":5,"minecraft:arrow":85,"minecraft:deepslate_bricks":1,"minecraft:hay_block":1,"alexscaves:spelunkery_table":2,"minecraft:gold_ingot":5,"minecraft:glow_berries":13,"minecraft:mutton":12,"minecraft:white_wool":12,"minecraft:basalt":4,"minecraft:leather":10,"minecraft:red_mushroom":6,"minecraft:filled_map":1,"minecraft:oak_log":6,"minecraft:gunpowder":1,"minecraft:white_banner":1,"minecraft:gray_carpet":3,"minecraft:iron_ingot":9,"minecraft:cooked_chicken":2,"minecraft:iron_sword":3,"minecraft:soul_sand":1,"minecraft:book":105,"minecraft:polished_andesite_stairs":2,"minecraft:pumpkin":8,"minecraft:quartz":76,"minecraft:gravel":23,"minecraft:amethyst_shard":8,"minecraft:spruce_sapling":5,"minecraft:white_bed":1,"minecraft:spruce_log":106,"minecraft:leather_helmet":1,"minecraft:painting":2,"minecraft:gray_wool":3,"alexscaves:cave_map":1,"minecraft:coal":219,"gobber2:gobber2_goo_nether":2},"minecraft:used":{"minecraft:beetroot":5,"gobber2:gobber2_gooey_bread":2,"minecraft:chest":4,"minecraft:shield":5,"minecraft:iron_sword":568,"minecraft:iron_chestplate":2,"minecraft:carrot":11,"minecraft:tuff":108,"minecraft:obsidian":11,"minecraft:bow":6,"minecraft:furnace":7,"minecraft:cooked_cod":3,"minecraft:egg":1,"minecraft:stone_pickaxe":107,"minecraft:wooden_pickaxe":12,"minecraft:sugar_cane":4,"minecraft:glow_berries":31,"minecraft:stripped_mangrove_wood":1,"alexscaves:cave_book":1,"minecraft:mushroom_stew":6,"minecraft:crossbow":2,"minecraft:cyan_bed":3,"minecraft:bread":3,"minecraft:soul_lantern":1,"minecraft:diamond_sword":12,"minecraft:andesite":4,"minecraft:experience_bottle":48,"minecraft:flint_and_steel":1,"minecraft:cooked_salmon":25,"minecraft:cooked_chicken":7,"minecraft:netherrack":128,"minecraft:torch":188,"minecraft:dirt":4,"minecraft:spruce_stairs":1,"minecraft:iron_axe":145,"gobber2:gobber2_gooey_beef":2,"alexscaves:spelunkery_table":1,"minecraft:basalt":1,"minecraft:golden_carrot":1,"minecraft:cooked_beef":1,"minecraft:cobbled_deepslate":67,"minecraft:iron_leggings":1,"minecraft:beetroot_soup":1,"minecraft:cooked_mutton":2,"minecraft:water_bucket":5,"minecraft:polished_blackstone_bricks":9,"minecraft:crafting_table":7,"minecraft:white_bed":2,"minecraft:mangrove_sign":1,"minecraft:cake":3,"minecraft:dark_prismarine":1,"minecraft:diamond_pickaxe":838,"minecraft:apple":15,"minecraft:iron_pickaxe":1493,"minecraft:spruce_sapling":1,"minecraft:stone_axe":93,"minecraft:cobblestone":53,"minecraft:cooked_porkchop":12,"minecraft:bucket":5},"minecraft:mined":{"minecraft:dark_oak_planks":2,"minecraft:white_bed":1,"minecraft:obsidian":1,"minecraft:cave_vines_plant":9,"minecraft:grass_block":2,"gobber2:gobber2_lucky_block":10,"minecraft:cracked_polished_blackstone_bricks":3,"minecraft:coal_block":11,"minecraft:spawner":9,"minecraft:smooth_stone":2,"minecraft:polished_blackstone_bricks":9,"minecraft:magma_block":5,"minecraft:iron_ore":27,"minecraft:fire":1,"minecraft:pumpkin":4,"minecraft:black_carpet":1,"minecraft:deepslate_lapis_ore":6,"minecraft:cave_vines":19,"minecraft:azalea":1,"minecraft:white_banner":1,"minecraft:stripped_mangrove_wood":3,"minecraft:deepslate_redstone_ore":60,"minecraft:blackstone":6,"minecraft:crimson_nylium":16,"minecraft:soul_lantern":1,"minecraft:torch":27,"minecraft:calcite":1,"minecraft:polished_andesite_stairs":1,"gobber2:gobber2_lucky_block_nether":4,"minecraft:nether_quartz_ore":87,"minecraft:cobblestone":12,"minecraft:cyan_bed":5,"minecraft:sugar_cane":3,"minecraft:wall_torch":8,"minecraft:chain":2,"minecraft:jukebox":1,"minecraft:grass":1,"minecraft:oak_log":6,"minecraft:dirt":2,"minecraft:netherrack":139,"minecraft:oak_leaves":1,"minecraft:cyan_candle":3,"minecraft:deepslate":953,"minecraft:dark_prismarine":1,"minecraft:nether_gold_ore":3,"alexscaves:spelunkery_table":2,"minecraft:tuff":656,"minecraft:dark_oak_leaves":4,"minecraft:mossy_cobblestone":11,"minecraft:deepslate_diamond_ore":34,"minecraft:glow_lichen":1,"gravestone:gravestone":1,"minecraft:mangrove_trapdoor":3,"minecraft:spruce_leaves":47,"minecraft:cartography_table":1,"minecraft:moss_block":1,"minecraft:red_mushroom":3,"minecraft:hay_block":1,"minecraft:redstone_ore":1,"minecraft:furnace":2,"minecraft:andesite":4,"minecraft:bookshelf":38,"minecraft:deepslate_iron_ore":95,"minecraft:stone":97,"minecraft:cake":3,"minecraft:basalt":3,"minecraft:crafting_table":3,"minecraft:emerald_ore":1,"minecraft:campfire":11,"minecraft:tall_grass":1,"minecraft:deepslate_gold_ore":20,"minecraft:spruce_stairs":2,"minecraft:spruce_log":104,"gobber2:gobber2_lucky_block_deepslate":6,"minecraft:coal_ore":66,"minecraft:gravel":26,"minecraft:stone_bricks":1,"minecraft:gold_ore":3,"minecraft:iron_trapdoor":1,"minecraft:fern":3},"minecraft:dropped":{"minecraft:iron_sword":1,"minecraft:stripped_mangrove_wood":2,"minecraft:red_mushroom":3,"alexscaves:cave_map":1,"minecraft:bone_meal":1,"minecraft:sand":8,"minecraft:white_wool":1,"minecraft:gold_ingot":5,"minecraft:bone":12,"minecraft:gravel":22,"minecraft:blackstone":1,"minecraft:cobbled_deepslate":769,"minecraft:black_carpet":1,"minecraft:rotten_flesh":5,"alexscaves:cave_book":1,"minecraft:gunpowder":1,"minecraft:arrow":47,"minecraft:egg":2,"minecraft:wheat_seeds":1,"minecraft:golden_helmet":1,"gobber2:gobber2_foo":2,"minecraft:mangrove_trapdoor":2,"minecraft:stick":6,"minecraft:gray_wool":3,"minecraft:iron_trapdoor":2,"minecraft:torch":3,"minecraft:brown_wool":1,"minecraft:polished_andesite_stairs":2,"minecraft:string":2,"minecraft:redstone":13,"minecraft:bowl":3,"minecraft:tuff":320,"minecraft:light_gray_wool":1,"minecraft:polished_deepslate_stairs":1,"minecraft:wooden_pickaxe":1,"minecraft:magma_block":10},"minecraft:crafted":{"minecraft:oak_planks":24,"minecraft:cooked_chicken":5,"minecraft:cooked_mutton":2,"minecraft:iron_boots":1,"minecraft:chest":4,"minecraft:golden_boots":1,"minecraft:crafting_table":3,"minecraft:spruce_planks":176,"minecraft:iron_helmet":1,"minecraft:iron_chestplate":1,"minecraft:charcoal":2,"minecraft:diamond_pickaxe":2,"minecraft:shield":1,"minecraft:stick":280,"minecraft:iron_ingot":121,"minecraft:iron_pickaxe":6,"minecraft:gold_ingot":23,"minecraft:coal":162,"minecraft:iron_nugget":18,"minecraft:furnace":5,"minecraft:iron_axe":1,"minecraft:stone_pickaxe":1,"minecraft:golden_helmet":2,"minecraft:wheat":9,"minecraft:cooked_beef":8,"minecraft:cooked_cod":8,"minecraft:iron_sword":1,"minecraft:cooked_salmon":25,"minecraft:bucket":2,"minecraft:stone_axe":1,"minecraft:air":0,"minecraft:bread":3,"minecraft:iron_leggings":1,"minecraft:white_bed":1,"minecraft:torch":284,"minecraft:lapis_lazuli":9},"minecraft:killed_by":{"minecraft:piglin_brute":1,"minecraft:creeper":1,"minecraft:skeleton":1},"minecraft:custom":{"minecraft:interact_with_crafting_table":54,"minecraft:open_barrel":49,"minecraft:eat_cake_slice":31,"minecraft:leave_game":2,"minecraft:time_since_death":20544,"minecraft:sprint_one_cm":366540,"minecraft:damage_blocked_by_shield":135,"minecraft:drop":63,"minecraft:talked_to_villager":1,"minecraft:play_time":392971,"minecraft:deaths":3,"minecraft:jump":4294,"minecraft:walk_on_water_one_cm":41156,"minecraft:enchant_item":1,"minecraft:interact_with_furnace":105,"minecraft:interact_with_loom":3,"minecraft:sleep_in_bed":4,"minecraft:damage_dealt":26319,"minecraft:crouch_one_cm":24980,"minecraft:interact_with_smithing_table":1,"minecraft:mob_kills":138,"minecraft:interact_with_anvil":1,"minecraft:damage_dealt_resisted":76,"minecraft:climb_one_cm":31907,"minecraft:walk_one_cm":1069675,"minecraft:sneak_time":10632,"minecraft:walk_under_water_one_cm":29219,"minecraft:boat_one_cm":331473,"minecraft:interact_with_blast_furnace":13,"minecraft:total_world_time":392971,"minecraft:time_since_rest":21005,"minecraft:damage_taken":6762,"minecraft:swim_one_cm":20379,"minecraft:fly_one_cm":475787,"minecraft:open_chest":196,"minecraft:fall_one_cm":81381},"minecraft:killed":{"minecraft:spider":3,"minecraft:skeleton":32,"minecraft:chicken":11,"minecraft:illusioner":1,"minecraft:piglin_brute":1,"minecraft:pig":5,"minecraft:zombie_villager":2,"minecraft:creeper":1,"minecraft:sheep":7,"minecraft:zombie":12,"minecraft:cow":12,"minecraft:vindicator":2,"minecraft:husk":46,"minecraft:hoglin":1,"minecraft:wither_skeleton":1},"minecraft:broken":{"minecraft:iron_sword":1,"minecraft:leather_helmet":1,"minecraft:iron_pickaxe":5}},"DataVersion":3465}