{"stats":{"minecraft:broken":{"minecraft:leather_helmet":1,"minecraft:iron_sword":1},"minecraft:crafted":{"minecraft:oak_planks":24,"minecraft:cooked_chicken":5,"minecraft:furnace":2,"minecraft:cooked_mutton":2,"minecraft:stone_pickaxe":1,"minecraft:chest":2,"minecraft:wheat":9,"minecraft:crafting_table":2,"minecraft:spruce_planks":32,"minecraft:iron_sword":1,"minecraft:cooked_salmon":25,"minecraft:stone_axe":1,"minecraft:bread":3,"minecraft:air":0,"minecraft:charcoal":2,"minecraft:shield":1,"minecraft:stick":20,"minecraft:white_bed":1,"minecraft:torch":28},"minecraft:killed":{"minecraft:vindicator":2,"minecraft:spider":2,"minecraft:skeleton":24,"minecraft:chicken":11,"minecraft:illusioner":1,"minecraft:husk":46,"minecraft:pig":5,"minecraft:sheep":7,"minecraft:zombie":4,"minecraft:cow":8},"minecraft:used":{"minecraft:beetroot":5,"minecraft:chest":2,"minecraft:iron_sword":485,"minecraft:cooked_salmon":24,"minecraft:cooked_chicken":7,"minecraft:torch":10,"minecraft:dirt":4,"minecraft:carrot":2,"minecraft:furnace":2,"minecraft:egg":1,"minecraft:beetroot_soup":1,"minecraft:cooked_mutton":2,"minecraft:stone_pickaxe":107,"minecraft:wooden_pickaxe":12,"minecraft:sugar_cane":4,"minecraft:stripped_mangrove_wood":1,"minecraft:crafting_table":4,"minecraft:mushroom_stew":6,"minecraft:white_bed":2,"minecraft:cake":2,"minecraft:apple":14,"minecraft:cyan_bed":3,"minecraft:bread":3,"minecraft:iron_pickaxe":27,"minecraft:spruce_sapling":1,"minecraft:soul_lantern":1,"minecraft:stone_axe":93,"minecraft:cobblestone":24},"minecraft:picked_up":{"minecraft:crafting_table":2,"minecraft:charcoal":23,"minecraft:music_disc_strad":2,"minecraft:iron_chestplate":1,"minecraft:chicken":15,"minecraft:iron_trapdoor":2,"minecraft:wooden_pickaxe":1,"minecraft:wither_rose":1,"minecraft:string":2,"minecraft:cooked_salmon":13,"minecraft:iron_leggings":1,"minecraft:beetroot_soup":1,"minecraft:item_frame":3,"minecraft:pufferfish":1,"minecraft:cyan_carpet":2,"minecraft:blackstone":1,"minecraft:cartography_table":1,"minecraft:beef":10,"minecraft:iron_pickaxe":1,"minecraft:light_gray_wool":1,"minecraft:coal_block":16,"minecraft:sugar_cane":4,"minecraft:egg":4,"minecraft:stick":2,"minecraft:raw_iron":1,"minecraft:stripped_mangrove_wood":3,"minecraft:torch":1,"minecraft:spruce_stairs":1,"minecraft:porkchop":13,"minecraft:carrot":1,"minecraft:mangrove_trapdoor":5,"minecraft:arrow":78,"minecraft:rotten_flesh":62,"minecraft:tropical_fish":1,"minecraft:hay_block":1,"minecraft:gold_ingot":5,"minecraft:mutton":12,"minecraft:cobblestone":54,"minecraft:cod":8,"minecraft:white_wool":12,"minecraft:magma_block":15,"minecraft:feather":40,"minecraft:brown_wool":1,"minecraft:leather":6,"minecraft:red_mushroom":6,"minecraft:potato":1,"minecraft:filled_map":1,"minecraft:oak_log":6,"minecraft:gunpowder":1,"minecraft:dirt":4,"minecraft:white_banner":1,"minecraft:bone":37,"minecraft:bow":1,"minecraft:wheat_seeds":1,"minecraft:iron_ingot":8,"minecraft:cooked_chicken":2,"minecraft:cyan_candle":6,"minecraft:iron_sword":2,"minecraft:book":105,"minecraft:polished_andesite_stairs":2,"minecraft:pumpkin":8,"minecraft:gravel":1,"minecraft:sand":9,"minecraft:amethyst_shard":8,"minecraft:spruce_sapling":1,"minecraft:white_bed":1,"minecraft:spruce_log":11,"minecraft:cyan_bed":5,"minecraft:mossy_cobblestone":4,"minecraft:leather_helmet":1,"minecraft:sugar":1,"minecraft:soul_lantern":1,"minecraft:painting":2,"minecraft:golden_apple":1,"minecraft:gray_wool":3,"minecraft:emerald":3,"minecraft:netherrack":2,"minecraft:coal":68,"minecraft:birch_door":1},"minecraft:mined":{"minecraft:dark_oak_planks":2,"minecraft:white_bed":1,"minecraft:mossy_cobblestone":11,"minecraft:dark_oak_leaves":4,"minecraft:grass_block":2,"minecraft:coal_block":11,"minecraft:mangrove_trapdoor":3,"minecraft:spruce_leaves":10,"minecraft:cartography_table":1,"minecraft:red_mushroom":3,"minecraft:spawner":6,"minecraft:hay_block":1,"minecraft:magma_block":5,"minecraft:pumpkin":4,"minecraft:bookshelf":38,"minecraft:deepslate_iron_ore":1,"minecraft:white_banner":1,"minecraft:stone":49,"minecraft:stripped_mangrove_wood":3,"minecraft:blackstone":1,"minecraft:soul_lantern":1,"minecraft:crafting_table":1,"minecraft:torch":1,"minecraft:emerald_ore":1,"minecraft:calcite":1,"minecraft:polished_andesite_stairs":1,"minecraft:campfire":7,"minecraft:cobblestone":6,"minecraft:cyan_bed":5,"minecraft:sugar_cane":3,"minecraft:spruce_stairs":1,"minecraft:spruce_log":12,"minecraft:grass":1,"minecraft:coal_ore":35,"minecraft:oak_log":6,"minecraft:gravel":1,"minecraft:dirt":2,"minecraft:stone_bricks":1,"minecraft:netherrack":1,"minecraft:oak_leaves":1,"minecraft:iron_trapdoor":1,"minecraft:cyan_candle":3,"minecraft:fern":3},"minecraft:dropped":{"minecraft:iron_sword":1,"minecraft:stripped_mangrove_wood":2,"minecraft:wheat_seeds":1,"minecraft:mangrove_trapdoor":2,"minecraft:red_mushroom":3,"minecraft:gray_wool":3,"minecraft:iron_trapdoor":2,"minecraft:torch":3,"minecraft:brown_wool":1,"minecraft:bone_meal":1,"minecraft:polished_andesite_stairs":2,"minecraft:sand":8,"minecraft:string":2,"minecraft:white_wool":1,"minecraft:bone":8,"minecraft:blackstone":1,"minecraft:bowl":3,"minecraft:light_gray_wool":1,"minecraft:gunpowder":1,"minecraft:arrow":47,"minecraft:wooden_pickaxe":1,"minecraft:magma_block":10,"minecraft:egg":2},"minecraft:custom":{"minecraft:interact_with_smithing_table":1,"minecraft:mob_kills":111,"minecraft:interact_with_crafting_table":29,"minecraft:open_barrel":40,"minecraft:eat_cake_slice":17,"minecraft:leave_game":1,"minecraft:time_since_death":144193,"minecraft:climb_one_cm":28989,"minecraft:sprint_one_cm":170917,"minecraft:walk_one_cm":476027,"minecraft:drop":33,"minecraft:play_time":144193,"minecraft:sneak_time":991,"minecraft:walk_under_water_one_cm":9648,"minecraft:boat_one_cm":292761,"minecraft:jump":1690,"minecraft:interact_with_blast_furnace":10,"minecraft:walk_on_water_one_cm":22013,"minecraft:total_world_time":144193,"minecraft:interact_with_furnace":25,"minecraft:sleep_in_bed":3,"minecraft:time_since_rest":62403,"minecraft:damage_taken":3863,"minecraft:damage_dealt":21012,"minecraft:swim_one_cm":10136,"minecraft:fly_one_cm":285865,"minecraft:open_chest":33,"minecraft:crouch_one_cm":1807,"minecraft:fall_one_cm":31355}},"DataVersion":3465}