{"stats":{"minecraft:used":{"minecraft:wooden_pickaxe":7,"minecraft:dirt":2,"minecraft:crafting_table":1},"minecraft:picked_up":{"minecraft:crafting_table":1,"minecraft:spruce_log":7,"minecraft:wooden_pickaxe":1,"minecraft:dirt":2,"minecraft:cobblestone":4},"minecraft:mined":{"minecraft:stone":4,"minecraft:grass_block":1,"minecraft:spruce_log":7,"minecraft:crafting_table":1,"minecraft:dirt":1},"minecraft:custom":{"minecraft:jump":14,"minecraft:time_since_rest":2319,"minecraft:sprint_one_cm":1858,"minecraft:play_time":2319,"minecraft:time_since_death":2319,"minecraft:walk_one_cm":5990,"minecraft:total_world_time":2319,"minecraft:interact_with_crafting_table":1,"minecraft:fall_one_cm":538,"minecraft:fly_one_cm":401}},"DataVersion":3465}