{"stats":{"minecraft:broken":{"minecraft:stone_pickaxe":1},"minecraft:crafted":{"minecraft:oak_planks":48,"minecraft:stone_shovel":1,"minecraft:crafting_table":3,"minecraft:wooden_pickaxe":1,"minecraft:cooked_chicken":7,"minecraft:iron_sword":2,"minecraft:furnace":2,"minecraft:cooked_salmon":6,"minecraft:stone_axe":1,"minecraft:cooked_mutton":10,"minecraft:air":0,"minecraft:oak_boat":1,"minecraft:iron_chestplate":1,"minecraft:charcoal":2,"minecraft:stick":20,"minecraft:iron_ingot":2,"minecraft:stone_pickaxe":2,"minecraft:iron_leggings":1,"minecraft:white_bed":1,"minecraft:torch":16},"minecraft:killed":{"minecraft:husk":2,"minecraft:witch":1,"minecraft:salmon":6,"minecraft:frog":1,"minecraft:sheep":7,"minecraft:skeleton":8,"minecraft:zombie":1,"minecraft:chicken":7},"minecraft:used":{"minecraft:stone_pickaxe":171,"minecraft:stone_shovel":9,"minecraft:gray_carpet":1,"minecraft:chest":1,"minecraft:wooden_pickaxe":5,"minecraft:iron_sword":82,"minecraft:cooked_salmon":6,"minecraft:cooked_chicken":1,"minecraft:torch":11,"minecraft:dirt":3,"minecraft:crafting_table":7,"minecraft:carrot":2,"minecraft:white_bed":2,"minecraft:cake":3,"minecraft:bread":1,"minecraft:stone_axe":18,"minecraft:cobblestone":11,"minecraft:furnace":3,"minecraft:egg":1},"minecraft:picked_up":{"minecraft:mud":2,"minecraft:charcoal":3,"minecraft:coarse_dirt":1,"minecraft:crafting_table":4,"minecraft:feather":8,"minecraft:chicken":7,"minecraft:salmon":6,"minecraft:brown_wool":1,"minecraft:potato":1,"minecraft:wither_rose":1,"minecraft:oak_log":12,"minecraft:dirt":15,"minecraft:red_nether_bricks":2,"minecraft:cooked_mutton":1,"minecraft:item_frame":3,"minecraft:bone":3,"minecraft:gray_carpet":1,"minecraft:cooked_chicken":2,"minecraft:player_head":1,"minecraft:mossy_stone_bricks":4,"minecraft:light_gray_wool":1,"minecraft:chest":1,"minecraft:egg":1,"minecraft:furnace":3,"minecraft:book":6,"minecraft:raw_iron":2,"minecraft:stripped_mangrove_wood":10,"minecraft:torch":2,"minecraft:gravel":2,"minecraft:white_bed":1,"minecraft:mossy_cobblestone":2,"minecraft:arrow":4,"minecraft:sugar":1,"minecraft:rotten_flesh":1,"minecraft:soul_lantern":1,"minecraft:red_tulip":1,"minecraft:bone_meal":1,"minecraft:golden_apple":1,"minecraft:mutton":10,"minecraft:coal":44,"minecraft:white_wool":5,"minecraft:cobblestone":114},"minecraft:mined":{"minecraft:white_bed":1,"minecraft:mossy_cobblestone":2,"minecraft:red_nether_bricks":2,"minecraft:crafting_table":5,"minecraft:grass_block":8,"minecraft:chest":1,"minecraft:campfire":1,"minecraft:cobblestone":3,"minecraft:wall_torch":1,"minecraft:spawner":1,"minecraft:coarse_dirt":1,"minecraft:furnace":3,"minecraft:mud":2,"minecraft:iron_ore":2,"minecraft:birch_leaves":2,"minecraft:wither_rose":1,"minecraft:grass":1,"minecraft:red_tulip":1,"minecraft:oak_log":12,"minecraft:coal_ore":40,"minecraft:gravel":1,"minecraft:dirt":7,"minecraft:gray_carpet":1,"minecraft:stone":112,"minecraft:stripped_mangrove_wood":11,"minecraft:mossy_stone_bricks":4,"minecraft:player_head":1,"minecraft:oak_leaves":1},"minecraft:dropped":{"minecraft:iron_sword":1,"minecraft:cooked_chicken":2,"minecraft:light_gray_wool":1,"minecraft:charcoal":1,"minecraft:brown_wool":1,"minecraft:iron_leggings":1,"minecraft:wither_rose":1,"minecraft:wooden_pickaxe":1,"minecraft:white_wool":2},"minecraft:custom":{"minecraft:interact_with_furnace":28,"minecraft:mob_kills":33,"minecraft:interact_with_crafting_table":9,"minecraft:open_barrel":11,"minecraft:eat_cake_slice":7,"minecraft:leave_game":2,"minecraft:time_since_death":45115,"minecraft:sleep_in_bed":1,"minecraft:climb_one_cm":1614,"minecraft:time_since_rest":20471,"minecraft:sprint_one_cm":40313,"minecraft:damage_taken":676,"minecraft:walk_one_cm":193425,"minecraft:drop":11,"minecraft:damage_dealt":3773,"minecraft:swim_one_cm":10558,"minecraft:fly_one_cm":23588,"minecraft:open_chest":12,"minecraft:crouch_one_cm":3136,"minecraft:play_time":45115,"minecraft:sneak_time":734,"minecraft:walk_under_water_one_cm":5528,"minecraft:jump":304,"minecraft:interact_with_blast_furnace":9,"minecraft:walk_on_water_one_cm":3536,"minecraft:total_world_time":45115,"minecraft:fall_one_cm":4279}},"DataVersion":3465}