{"stats":{"minecraft:broken":{"minecraft:stone_pickaxe":1,"minecraft:iron_sword":1,"minecraft:iron_pickaxe":1},"minecraft:killed_by":{"minecraft:vindicator":1},"minecraft:crafted":{"minecraft:oak_planks":72,"minecraft:stone_shovel":1,"minecraft:cooked_chicken":7,"minecraft:furnace":2,"minecraft:cooked_mutton":10,"minecraft:stone_pickaxe":2,"minecraft:chest":1,"minecraft:redstone_block":4,"minecraft:wheat":127,"minecraft:coal_block":12,"minecraft:emerald":9,"minecraft:cooked_porkchop":10,"minecraft:crafting_table":3,"minecraft:spruce_planks":60,"minecraft:wooden_pickaxe":1,"minecraft:iron_helmet":1,"minecraft:iron_sword":4,"minecraft:cooked_salmon":6,"minecraft:copper_ingot":9,"minecraft:mangrove_planks":40,"minecraft:stone_axe":2,"minecraft:bread":45,"minecraft:air":0,"minecraft:oak_boat":1,"minecraft:iron_chestplate":2,"minecraft:charcoal":2,"minecraft:shield":1,"minecraft:stick":76,"minecraft:iron_ingot":8,"minecraft:iron_pickaxe":3,"minecraft:iron_leggings":2,"minecraft:white_bed":1,"minecraft:torch":60,"minecraft:lapis_block":19},"minecraft:killed":{"minecraft:witch":1,"minecraft:spider":4,"minecraft:skeleton":24,"minecraft:chicken":7,"minecraft:husk":40,"minecraft:zombie_villager":1,"minecraft:salmon":6,"minecraft:frog":1,"minecraft:creeper":2,"minecraft:sheep":7,"minecraft:pillager":1,"minecraft:zombie":18},"minecraft:used":{"minecraft:spruce_slab":1,"minecraft:stone_shovel":38,"gobber2:gobber2_gooey_bread":1,"minecraft:black_carpet":6,"minecraft:shield":2,"minecraft:chest":7,"minecraft:spruce_planks":13,"minecraft:iron_sword":550,"minecraft:cooked_salmon":6,"minecraft:player_head":1,"minecraft:cooked_chicken":7,"minecraft:torch":67,"minecraft:dirt":3,"minecraft:carrot":2,"minecraft:dark_oak_planks":2,"minecraft:barrel":1,"alexscaves:spelunkery_table":1,"minecraft:bow":19,"minecraft:furnace":10,"minecraft:egg":2,"minecraft:golden_axe":17,"minecraft:iron_leggings":1,"minecraft:calcite":10,"minecraft:cooked_mutton":11,"minecraft:water_bucket":206,"minecraft:diorite":2,"minecraft:stone_pickaxe":177,"minecraft:cyan_candle":3,"minecraft:gray_carpet":4,"minecraft:oak_planks":35,"minecraft:wooden_pickaxe":5,"minecraft:smooth_quartz_stairs":2,"minecraft:dark_oak_trapdoor":1,"minecraft:mossy_cobblestone":4,"minecraft:mangrove_trapdoor":2,"minecraft:crafting_table":10,"alexscaves:cave_book":1,"minecraft:white_bed":7,"minecraft:cake":7,"minecraft:dark_prismarine":3,"minecraft:bread":30,"minecraft:cyan_bed":1,"minecraft:iron_pickaxe":474,"minecraft:cyan_carpet":15,"minecraft:leather_helmet":1,"minecraft:spruce_sapling":2,"minecraft:stone_axe":80,"minecraft:chainmail_boots":1,"minecraft:cobblestone":70,"minecraft:white_banner":1,"minecraft:cooked_porkchop":1,"minecraft:bucket":206,"minecraft:oak_boat":4},"minecraft:picked_up":{"minecraft:crafting_table":10,"minecraft:mud":6,"minecraft:charcoal":11,"minecraft:iron_chestplate":1,"minecraft:coarse_dirt":1,"minecraft:black_carpet":18,"minecraft:wheat":8,"minecraft:chainmail_boots":1,"minecraft:chicken":11,"minecraft:clay_ball":24,"minecraft:potion":2,"minecraft:wither_rose":2,"minecraft:enchanted_book":1,"minecraft:brewing_stand":1,"minecraft:polished_deepslate":2,"minecraft:string":8,"minecraft:dark_oak_trapdoor":1,"minecraft:red_nether_bricks":4,"minecraft:iron_leggings":1,"minecraft:item_frame":9,"minecraft:cyan_carpet":15,"minecraft:beetroot":28,"minecraft:oak_boat":5,"minecraft:player_head":3,"minecraft:calcite":36,"minecraft:azalea":4,"minecraft:light_gray_wool":1,"minecraft:iron_pickaxe":2,"minecraft:spruce_slab":1,"minecraft:melon_slice":17,"minecraft:coal_block":12,"minecraft:chest":9,"minecraft:smooth_quartz_stairs":2,"minecraft:furnace":16,"minecraft:egg":2,"minecraft:stick":62,"minecraft:raw_iron":130,"minecraft:stripped_mangrove_wood":10,"minecraft:torch":7,"minecraft:golden_axe":1,"minecraft:redstone":36,"minecraft:diorite":7,"minecraft:carrot":19,"minecraft:dark_oak_planks":2,"gobber2:gobber2_foo":5,"minecraft:arrow":107,"minecraft:stone_shovel":1,"minecraft:rotten_flesh":44,"minecraft:pumpkin_pie":6,"minecraft:hay_block":15,"alexscaves:spelunkery_table":1,"minecraft:red_tulip":2,"minecraft:gold_ingot":6,"minecraft:mutton":10,"minecraft:white_wool":5,"minecraft:cobblestone":197,"minecraft:feather":16,"minecraft:andesite":2,"minecraft:tripwire_hook":1,"minecraft:water_bucket":1,"minecraft:salmon":6,"gobber2:gobber2_gooey_beefstew":8,"minecraft:brown_wool":1,"minecraft:red_mushroom":6,"minecraft:potato":2,"minecraft:oak_log":12,"minecraft:waxed_copper_block":1,"minecraft:gunpowder":6,"minecraft:lapis_lazuli":181,"minecraft:dirt":38,"minecraft:cooked_mutton":1,"minecraft:bone":40,"minecraft:gray_carpet":4,"minecraft:bow":2,"gobber2:gobber2_gooey_beef":8,"minecraft:wheat_seeds":5,"minecraft:raw_gold":12,"minecraft:stone_pickaxe":1,"minecraft:cooked_chicken":2,"minecraft:flowering_azalea":2,"minecraft:mossy_stone_bricks":12,"minecraft:moss_block":1,"minecraft:mangrove_planks":40,"minecraft:iron_sword":1,"minecraft:oak_planks":30,"gobber2:gobber2_gooey_bread":5,"minecraft:book":118,"minecraft:emerald_block":1,"minecraft:cooked_porkchop":9,"minecraft:gravel":8,"minecraft:spruce_sapling":4,"minecraft:white_bed":8,"minecraft:spruce_log":20,"minecraft:cyan_bed":2,"minecraft:barrel":1,"minecraft:mossy_cobblestone":6,"minecraft:dark_prismarine":3,"minecraft:oak_wood":6,"minecraft:sugar":2,"minecraft:stone_axe":1,"minecraft:soul_lantern":3,"minecraft:bone_meal":2,"minecraft:golden_apple":4,"minecraft:bread":48,"minecraft:emerald":4,"gobber2:gobber2_goo":17,"minecraft:netherrack":2,"minecraft:coal":145},"minecraft:mined":{"alexscaves:spelunkery_table":1,"minecraft:large_amethyst_bud":1,"minecraft:dark_prismarine":3,"minecraft:spruce_planks":6,"minecraft:white_bed":8,"minecraft:mossy_cobblestone":2,"minecraft:red_nether_bricks":2,"minecraft:mangrove_wall_sign":1,"minecraft:brewing_stand":1,"minecraft:grass_block":10,"minecraft:jungle_planks":1,"gobber2:gobber2_lucky_block":43,"minecraft:coal_block":13,"minecraft:spruce_leaves":8,"minecraft:moss_block":8,"minecraft:spawner":5,"minecraft:large_fern":4,"minecraft:hay_block":15,"minecraft:redstone_ore":8,"minecraft:furnace":10,"minecraft:dark_oak_trapdoor":1,"minecraft:iron_ore":132,"minecraft:barrel":1,"minecraft:fire":5,"minecraft:acacia_wood":13,"minecraft:andesite":3,"minecraft:black_carpet":12,"minecraft:peony":1,"minecraft:polished_deepslate":2,"minecraft:bookshelf":4,"minecraft:red_tulip":1,"minecraft:cave_vines":1,"minecraft:stripped_oak_log":1,"minecraft:smooth_quartz_stairs":2,"minecraft:azalea":5,"minecraft:stripped_mangrove_wood":11,"minecraft:stone":166,"minecraft:player_head":2,"minecraft:spruce_slab":1,"minecraft:flowering_azalea":2,"minecraft:amethyst_cluster":1,"minecraft:clay":6,"minecraft:crafting_table":10,"minecraft:note_block":1,"minecraft:emerald_ore":4,"minecraft:oak_wood":6,"minecraft:calcite":38,"minecraft:melon":3,"minecraft:chest":7,"minecraft:campfire":4,"minecraft:tall_grass":6,"minecraft:cobblestone":6,"minecraft:deepslate_coal_ore":1,"minecraft:lapis_ore":27,"minecraft:oak_planks":13,"minecraft:wall_torch":1,"minecraft:diorite":7,"minecraft:black_stained_glass":1,"minecraft:coarse_dirt":1,"minecraft:mud":2,"minecraft:spruce_log":11,"minecraft:birch_leaves":2,"minecraft:waxed_copper_block":2,"minecraft:red_wall_banner":1,"minecraft:wither_rose":1,"minecraft:grass":5,"minecraft:oak_log":12,"minecraft:coal_ore":130,"minecraft:cyan_carpet":16,"minecraft:gravel":1,"minecraft:dirt":15,"minecraft:sand":15,"minecraft:gray_carpet":6,"minecraft:cobweb":8,"minecraft:stone_bricks":1,"minecraft:netherrack":3,"minecraft:mossy_stone_bricks":4,"minecraft:gold_ore":12,"minecraft:oak_leaves":1,"minecraft:cyan_candle":1,"minecraft:emerald_block":1,"minecraft:fern":2},"minecraft:dropped":{"minecraft:iron_sword":1,"minecraft:moss_block":1,"minecraft:wheat_seeds":2,"minecraft:lapis_lazuli":9,"minecraft:mossy_cobblestone":4,"minecraft:crafting_table":1,"minecraft:copper_ingot":9,"minecraft:coal":11,"minecraft:red_mushroom":6,"minecraft:item_frame":6,"minecraft:stick":8,"minecraft:dirt":24,"minecraft:diorite":1,"minecraft:brown_wool":1,"minecraft:potion":2,"minecraft:iron_leggings":1,"minecraft:wither_rose":1,"minecraft:flowering_azalea":2,"minecraft:mud":4,"minecraft:iron_pickaxe":2,"minecraft:white_wool":2,"minecraft:gravel":6,"minecraft:furnace":3,"minecraft:cooked_chicken":2,"minecraft:player_head":1,"minecraft:bowl":4,"minecraft:black_carpet":6,"minecraft:soul_lantern":2,"minecraft:chicken":4,"minecraft:rotten_flesh":9,"minecraft:light_gray_wool":1,"minecraft:oak_planks":1,"minecraft:filled_map":1,"minecraft:gunpowder":3,"minecraft:andesite":2,"minecraft:iron_chestplate":1,"minecraft:charcoal":3,"minecraft:mossy_stone_bricks":8,"minecraft:azalea":4,"minecraft:red_nether_bricks":4,"minecraft:wooden_pickaxe":1,"minecraft:stone_pickaxe":1,"minecraft:red_tulip":2,"minecraft:cyan_bed":1},"minecraft:custom":{"minecraft:mob_kills":112,"minecraft:interact_with_crafting_table":37,"minecraft:open_barrel":46,"minecraft:eat_cake_slice":9,"minecraft:leave_game":4,"minecraft:time_since_death":107844,"minecraft:climb_one_cm":25958,"minecraft:sprint_one_cm":165310,"minecraft:walk_one_cm":800836,"minecraft:damage_blocked_by_shield":40,"minecraft:drop":93,"minecraft:play_noteblock":3,"minecraft:talked_to_villager":1,"minecraft:play_time":208280,"minecraft:deaths":1,"minecraft:sneak_time":6451,"minecraft:walk_under_water_one_cm":28869,"minecraft:boat_one_cm":429650,"minecraft:interact_with_brewingstand":1,"minecraft:jump":1417,"minecraft:interact_with_blast_furnace":17,"minecraft:walk_on_water_one_cm":46947,"minecraft:total_world_time":208280,"minecraft:interact_with_furnace":41,"minecraft:interact_with_loom":4,"minecraft:interact_with_grindstone":1,"minecraft:sleep_in_bed":5,"minecraft:time_since_rest":50931,"minecraft:damage_taken":3450,"minecraft:damage_dealt":24615,"minecraft:swim_one_cm":70633,"minecraft:fly_one_cm":102873,"minecraft:open_chest":87,"minecraft:crouch_one_cm":18150,"minecraft:fall_one_cm":25732}},"DataVersion":3465}