{"stats":{"minecraft:broken":{"minecraft:stone_pickaxe":1},"minecraft:crafted":{"minecraft:oak_planks":72,"minecraft:stone_shovel":1,"minecraft:cooked_chicken":7,"minecraft:furnace":2,"minecraft:cooked_mutton":10,"minecraft:stone_pickaxe":2,"minecraft:cooked_porkchop":10,"minecraft:crafting_table":3,"minecraft:spruce_planks":28,"minecraft:wooden_pickaxe":1,"minecraft:iron_sword":2,"minecraft:cooked_salmon":6,"minecraft:mangrove_planks":40,"minecraft:stone_axe":1,"minecraft:air":0,"minecraft:oak_boat":1,"minecraft:iron_chestplate":2,"minecraft:charcoal":2,"minecraft:stick":76,"minecraft:iron_ingot":2,"minecraft:iron_leggings":2,"minecraft:white_bed":1,"minecraft:torch":16},"minecraft:killed":{"minecraft:witch":1,"minecraft:skeleton":15,"minecraft:chicken":7,"minecraft:husk":2,"minecraft:salmon":6,"minecraft:frog":1,"minecraft:creeper":1,"minecraft:sheep":7,"minecraft:zombie":11},"minecraft:used":{"minecraft:spruce_slab":1,"minecraft:stone_shovel":26,"minecraft:chest":1,"minecraft:iron_sword":172,"minecraft:cooked_salmon":6,"minecraft:cooked_chicken":7,"minecraft:torch":19,"minecraft:dirt":3,"minecraft:carrot":2,"minecraft:furnace":3,"minecraft:egg":1,"minecraft:iron_leggings":1,"minecraft:cooked_mutton":11,"minecraft:water_bucket":17,"minecraft:cyan_candle":3,"minecraft:gray_carpet":1,"minecraft:stone_pickaxe":177,"minecraft:oak_planks":8,"minecraft:wooden_pickaxe":5,"minecraft:mangrove_trapdoor":2,"minecraft:crafting_table":7,"minecraft:white_bed":5,"minecraft:cake":3,"minecraft:dark_prismarine":3,"minecraft:bread":1,"minecraft:iron_pickaxe":4,"minecraft:stone_axe":72,"minecraft:cobblestone":53,"minecraft:cooked_porkchop":1,"minecraft:bucket":17,"minecraft:oak_boat":3},"minecraft:picked_up":{"minecraft:charcoal":5,"minecraft:mud":6,"minecraft:crafting_table":6,"minecraft:coarse_dirt":1,"minecraft:chicken":7,"minecraft:enchanted_book":1,"minecraft:wither_rose":2,"minecraft:potion":2,"minecraft:red_nether_bricks":4,"minecraft:item_frame":9,"minecraft:beetroot":28,"minecraft:oak_boat":2,"minecraft:player_head":1,"minecraft:spruce_slab":1,"minecraft:light_gray_wool":1,"minecraft:chest":5,"minecraft:furnace":4,"minecraft:egg":1,"minecraft:raw_iron":2,"minecraft:stick":5,"minecraft:stripped_mangrove_wood":10,"minecraft:torch":3,"minecraft:carrot":19,"minecraft:arrow":14,"minecraft:rotten_flesh":9,"minecraft:pumpkin_pie":6,"minecraft:red_tulip":2,"minecraft:gold_ingot":6,"minecraft:mutton":10,"minecraft:white_wool":5,"minecraft:cobblestone":116,"minecraft:feather":16,"minecraft:salmon":6,"minecraft:brown_wool":1,"minecraft:red_mushroom":6,"minecraft:potato":2,"minecraft:oak_log":12,"minecraft:gunpowder":2,"minecraft:dirt":38,"minecraft:cooked_mutton":1,"minecraft:bone":34,"minecraft:gray_carpet":1,"minecraft:wheat_seeds":1,"minecraft:cooked_chicken":2,"minecraft:mossy_stone_bricks":12,"minecraft:oak_planks":9,"minecraft:book":109,"minecraft:gravel":8,"minecraft:white_bed":6,"minecraft:spruce_log":7,"minecraft:cyan_bed":2,"minecraft:mossy_cobblestone":6,"minecraft:dark_prismarine":3,"minecraft:oak_wood":6,"minecraft:sugar":2,"minecraft:soul_lantern":3,"minecraft:bone_meal":2,"minecraft:golden_apple":3,"minecraft:coal":49},"minecraft:mined":{"minecraft:dark_prismarine":3,"minecraft:spruce_planks":6,"minecraft:white_bed":6,"minecraft:mossy_cobblestone":2,"minecraft:red_nether_bricks":2,"minecraft:grass_block":10,"minecraft:jungle_planks":1,"minecraft:spawner":1,"minecraft:large_fern":1,"minecraft:furnace":4,"minecraft:iron_ore":2,"minecraft:acacia_wood":13,"minecraft:red_tulip":1,"minecraft:stripped_mangrove_wood":11,"minecraft:stone":112,"minecraft:player_head":1,"minecraft:spruce_slab":1,"minecraft:crafting_table":7,"minecraft:oak_wood":6,"minecraft:calcite":1,"minecraft:chest":5,"minecraft:campfire":2,"minecraft:cobblestone":6,"minecraft:deepslate_coal_ore":1,"minecraft:oak_planks":9,"minecraft:wall_torch":1,"minecraft:coarse_dirt":1,"minecraft:mud":2,"minecraft:spruce_log":7,"minecraft:birch_leaves":2,"minecraft:wither_rose":1,"minecraft:grass":1,"minecraft:coal_ore":40,"minecraft:oak_log":12,"minecraft:dirt":7,"minecraft:gravel":1,"minecraft:sand":15,"minecraft:gray_carpet":1,"minecraft:stone_bricks":1,"minecraft:mossy_stone_bricks":4,"minecraft:oak_leaves":1,"minecraft:fern":2},"minecraft:dropped":{"minecraft:iron_sword":1,"minecraft:wheat_seeds":1,"minecraft:mossy_cobblestone":4,"minecraft:red_mushroom":6,"minecraft:item_frame":6,"minecraft:stick":8,"minecraft:dirt":24,"minecraft:brown_wool":1,"minecraft:potion":2,"minecraft:iron_leggings":1,"minecraft:wither_rose":1,"minecraft:mud":4,"minecraft:white_wool":2,"minecraft:gravel":6,"minecraft:cooked_chicken":2,"minecraft:bowl":4,"minecraft:soul_lantern":2,"minecraft:rotten_flesh":7,"minecraft:light_gray_wool":1,"minecraft:filled_map":1,"minecraft:charcoal":3,"minecraft:iron_chestplate":1,"minecraft:mossy_stone_bricks":8,"minecraft:red_nether_bricks":4,"minecraft:wooden_pickaxe":1,"minecraft:red_tulip":2,"minecraft:cyan_bed":1},"minecraft:custom":{"minecraft:mob_kills":51,"minecraft:interact_with_crafting_table":16,"minecraft:open_barrel":18,"minecraft:eat_cake_slice":9,"minecraft:leave_game":2,"minecraft:time_since_death":93115,"minecraft:climb_one_cm":22581,"minecraft:sprint_one_cm":107369,"minecraft:walk_one_cm":404931,"minecraft:drop":64,"minecraft:play_time":93115,"minecraft:sneak_time":1509,"minecraft:walk_under_water_one_cm":10589,"minecraft:boat_one_cm":323267,"minecraft:jump":752,"minecraft:interact_with_blast_furnace":9,"minecraft:walk_on_water_one_cm":20859,"minecraft:total_world_time":93115,"minecraft:interact_with_furnace":32,"minecraft:sleep_in_bed":4,"minecraft:time_since_rest":20403,"minecraft:damage_taken":1786,"minecraft:damage_dealt":7456,"minecraft:swim_one_cm":20872,"minecraft:fly_one_cm":75992,"minecraft:open_chest":35,"minecraft:crouch_one_cm":4716,"minecraft:fall_one_cm":14852}},"DataVersion":3465}