{"stats":{"minecraft:crafted":{"minecraft:oak_boat":1,"minecraft:oak_planks":48,"minecraft:stone_shovel":1,"minecraft:charcoal":2,"minecraft:crafting_table":2,"minecraft:stick":16,"minecraft:wooden_pickaxe":1,"minecraft:iron_ingot":2,"minecraft:stone_pickaxe":2,"minecraft:iron_sword":1,"minecraft:furnace":1,"minecraft:cooked_salmon":6,"minecraft:torch":16,"minecraft:stone_axe":1,"minecraft:air":0},"minecraft:killed":{"minecraft:skeleton":2,"minecraft:chicken":1,"minecraft:salmon":6},"minecraft:used":{"minecraft:stone_pickaxe":124,"minecraft:stone_shovel":5,"minecraft:wooden_pickaxe":5,"minecraft:iron_sword":15,"minecraft:cooked_salmon":2,"minecraft:stone_axe":4,"minecraft:torch":7,"minecraft:dirt":3,"minecraft:cobblestone":2,"minecraft:crafting_table":3,"minecraft:furnace":1},"minecraft:picked_up":{"minecraft:charcoal":1,"minecraft:crafting_table":3,"minecraft:raw_iron":2,"minecraft:feather":4,"minecraft:chicken":1,"minecraft:salmon":6,"minecraft:torch":2,"minecraft:gravel":2,"minecraft:oak_log":12,"minecraft:dirt":13,"minecraft:cooked_chicken":2,"minecraft:bone_meal":1,"minecraft:chest":1,"minecraft:coal":11,"minecraft:cobblestone":110,"minecraft:furnace":1},"minecraft:mined":{"minecraft:furnace":1,"minecraft:iron_ore":2,"minecraft:birch_leaves":2,"minecraft:crafting_table":3,"minecraft:grass_block":6,"minecraft:oak_log":12,"minecraft:coal_ore":11,"minecraft:chest":1,"minecraft:gravel":1,"minecraft:dirt":7,"minecraft:cobblestone":1,"minecraft:stone":110,"minecraft:oak_leaves":1,"minecraft:wall_torch":1},"minecraft:dropped":{"minecraft:cooked_chicken":2,"minecraft:charcoal":1,"minecraft:wooden_pickaxe":1},"minecraft:custom":{"minecraft:time_since_rest":20175,"minecraft:interact_with_furnace":10,"minecraft:sprint_one_cm":5021,"minecraft:damage_taken":190,"minecraft:walk_one_cm":51859,"minecraft:mob_kills":9,"minecraft:drop":4,"minecraft:damage_dealt":500,"minecraft:swim_one_cm":6977,"minecraft:interact_with_crafting_table":5,"minecraft:fly_one_cm":3860,"minecraft:open_chest":2,"minecraft:play_time":20175,"minecraft:sneak_time":60,"minecraft:walk_under_water_one_cm":5177,"minecraft:jump":124,"minecraft:leave_game":1,"minecraft:time_since_death":20175,"minecraft:walk_on_water_one_cm":2426,"minecraft:total_world_time":20175,"minecraft:fall_one_cm":1107}},"DataVersion":3465}