{"stats":{"minecraft:broken":{"minecraft:stone_pickaxe":1},"minecraft:crafted":{"minecraft:oak_planks":48,"minecraft:stone_shovel":1,"minecraft:crafting_table":3,"minecraft:wooden_pickaxe":1,"minecraft:cooked_chicken":7,"minecraft:iron_sword":2,"minecraft:furnace":2,"minecraft:cooked_salmon":6,"minecraft:mangrove_planks":40,"minecraft:stone_axe":1,"minecraft:cooked_mutton":10,"minecraft:air":0,"minecraft:oak_boat":1,"minecraft:iron_chestplate":1,"minecraft:charcoal":2,"minecraft:stick":20,"minecraft:iron_ingot":2,"minecraft:stone_pickaxe":2,"minecraft:iron_leggings":1,"minecraft:white_bed":1,"minecraft:torch":16},"minecraft:killed":{"minecraft:husk":2,"minecraft:witch":1,"minecraft:salmon":6,"minecraft:frog":1,"minecraft:sheep":7,"minecraft:skeleton":8,"minecraft:zombie":2,"minecraft:chicken":7},"minecraft:used":{"minecraft:stone_pickaxe":173,"minecraft:stone_shovel":24,"minecraft:gray_carpet":1,"minecraft:chest":1,"minecraft:wooden_pickaxe":5,"minecraft:iron_sword":86,"minecraft:cooked_salmon":6,"minecraft:cooked_chicken":4,"minecraft:torch":11,"minecraft:dirt":3,"minecraft:crafting_table":7,"minecraft:carrot":2,"minecraft:white_bed":3,"minecraft:cake":3,"minecraft:bread":1,"minecraft:stone_axe":29,"minecraft:cobblestone":14,"minecraft:furnace":3,"minecraft:oak_boat":2,"minecraft:egg":1},"minecraft:picked_up":{"minecraft:mud":6,"minecraft:charcoal":3,"minecraft:coarse_dirt":1,"minecraft:crafting_table":5,"minecraft:feather":16,"minecraft:chicken":7,"minecraft:salmon":6,"minecraft:brown_wool":1,"minecraft:potato":2,"minecraft:wither_rose":1,"minecraft:potion":2,"minecraft:oak_log":12,"minecraft:dirt":38,"minecraft:red_nether_bricks":4,"minecraft:cooked_mutton":1,"minecraft:item_frame":9,"minecraft:bone":3,"minecraft:beetroot":28,"minecraft:gray_carpet":1,"minecraft:cooked_chicken":2,"minecraft:oak_boat":1,"minecraft:player_head":1,"minecraft:mossy_stone_bricks":12,"minecraft:light_gray_wool":1,"minecraft:oak_planks":5,"minecraft:chest":4,"minecraft:egg":1,"minecraft:furnace":3,"minecraft:book":6,"minecraft:stick":4,"minecraft:raw_iron":2,"minecraft:stripped_mangrove_wood":10,"minecraft:torch":2,"minecraft:gravel":8,"minecraft:carrot":19,"minecraft:white_bed":4,"minecraft:cyan_bed":1,"minecraft:mossy_cobblestone":6,"minecraft:arrow":4,"minecraft:sugar":2,"minecraft:rotten_flesh":4,"minecraft:pumpkin_pie":6,"minecraft:soul_lantern":3,"minecraft:red_tulip":2,"minecraft:bone_meal":2,"minecraft:golden_apple":2,"minecraft:gold_ingot":6,"minecraft:mutton":10,"minecraft:coal":44,"minecraft:white_wool":5,"minecraft:cobblestone":114},"minecraft:mined":{"minecraft:white_bed":4,"minecraft:mossy_cobblestone":2,"minecraft:red_nether_bricks":2,"minecraft:crafting_table":6,"minecraft:calcite":1,"minecraft:grass_block":8,"minecraft:chest":4,"minecraft:campfire":1,"minecraft:cobblestone":3,"minecraft:oak_planks":5,"minecraft:wall_torch":1,"minecraft:spawner":1,"minecraft:coarse_dirt":1,"minecraft:furnace":3,"minecraft:mud":2,"minecraft:iron_ore":2,"minecraft:birch_leaves":2,"minecraft:wither_rose":1,"minecraft:sand":15,"minecraft:grass":1,"minecraft:red_tulip":1,"minecraft:oak_log":12,"minecraft:coal_ore":40,"minecraft:gravel":1,"minecraft:dirt":7,"minecraft:gray_carpet":1,"minecraft:stone_bricks":1,"minecraft:stone":112,"minecraft:stripped_mangrove_wood":11,"minecraft:mossy_stone_bricks":4,"minecraft:player_head":1,"minecraft:oak_leaves":1},"minecraft:dropped":{"minecraft:gravel":6,"minecraft:iron_sword":1,"minecraft:cooked_chicken":2,"minecraft:bowl":4,"minecraft:mossy_cobblestone":4,"minecraft:soul_lantern":2,"minecraft:rotten_flesh":2,"minecraft:light_gray_wool":1,"minecraft:stick":8,"minecraft:item_frame":6,"minecraft:dirt":24,"minecraft:charcoal":1,"minecraft:mossy_stone_bricks":8,"minecraft:brown_wool":1,"minecraft:potion":2,"minecraft:iron_leggings":1,"minecraft:wither_rose":1,"minecraft:red_nether_bricks":4,"minecraft:mud":4,"minecraft:wooden_pickaxe":1,"minecraft:red_tulip":2,"minecraft:cyan_bed":1,"minecraft:white_wool":2},"minecraft:custom":{"minecraft:interact_with_furnace":29,"minecraft:mob_kills":34,"minecraft:interact_with_crafting_table":12,"minecraft:open_barrel":18,"minecraft:eat_cake_slice":9,"minecraft:leave_game":2,"minecraft:time_since_death":57115,"minecraft:sleep_in_bed":2,"minecraft:climb_one_cm":1614,"minecraft:time_since_rest":6153,"minecraft:sprint_one_cm":60233,"minecraft:damage_taken":824,"minecraft:walk_one_cm":231786,"minecraft:drop":51,"minecraft:damage_dealt":3972,"minecraft:swim_one_cm":12694,"minecraft:fly_one_cm":36755,"minecraft:open_chest":14,"minecraft:crouch_one_cm":3335,"minecraft:play_time":57115,"minecraft:sneak_time":887,"minecraft:walk_under_water_one_cm":6154,"minecraft:boat_one_cm":159052,"minecraft:jump":371,"minecraft:interact_with_blast_furnace":9,"minecraft:walk_on_water_one_cm":4716,"minecraft:total_world_time":57115,"minecraft:fall_one_cm":7619}},"DataVersion":3465}