{"stats":{"minecraft:broken":{"minecraft:stone_pickaxe":1},"minecraft:crafted":{"minecraft:oak_planks":48,"minecraft:stone_shovel":1,"minecraft:crafting_table":2,"minecraft:wooden_pickaxe":1,"minecraft:cooked_chicken":7,"minecraft:iron_sword":1,"minecraft:furnace":2,"minecraft:cooked_salmon":6,"minecraft:stone_axe":1,"minecraft:cooked_mutton":10,"minecraft:air":0,"minecraft:oak_boat":1,"minecraft:charcoal":2,"minecraft:stick":16,"minecraft:iron_ingot":2,"minecraft:stone_pickaxe":2,"minecraft:white_bed":1,"minecraft:torch":16},"minecraft:killed":{"minecraft:husk":2,"minecraft:witch":1,"minecraft:salmon":6,"minecraft:sheep":7,"minecraft:skeleton":2,"minecraft:chicken":7},"minecraft:used":{"minecraft:stone_shovel":7,"minecraft:stone_pickaxe":160,"minecraft:wooden_pickaxe":5,"minecraft:iron_sword":45,"minecraft:cooked_salmon":6,"minecraft:torch":7,"minecraft:dirt":3,"minecraft:crafting_table":6,"minecraft:white_bed":2,"minecraft:stone_axe":7,"minecraft:cobblestone":4,"minecraft:furnace":3,"minecraft:egg":1},"minecraft:picked_up":{"minecraft:mud":2,"minecraft:charcoal":3,"minecraft:coarse_dirt":1,"minecraft:crafting_table":4,"minecraft:feather":8,"minecraft:chicken":7,"minecraft:salmon":6,"minecraft:brown_wool":1,"minecraft:oak_log":12,"minecraft:dirt":14,"minecraft:cooked_chicken":2,"minecraft:mossy_stone_bricks":4,"minecraft:light_gray_wool":1,"minecraft:chest":1,"minecraft:furnace":3,"minecraft:egg":1,"minecraft:raw_iron":2,"minecraft:torch":2,"minecraft:gravel":2,"minecraft:white_bed":1,"minecraft:mossy_cobblestone":2,"minecraft:rotten_flesh":1,"minecraft:sugar":1,"minecraft:soul_lantern":1,"minecraft:bone_meal":1,"minecraft:mutton":10,"minecraft:coal":39,"minecraft:white_wool":5,"minecraft:cobblestone":112},"minecraft:mined":{"minecraft:white_bed":1,"minecraft:mossy_cobblestone":2,"minecraft:crafting_table":5,"minecraft:grass_block":7,"minecraft:chest":1,"minecraft:campfire":1,"minecraft:cobblestone":1,"minecraft:wall_torch":1,"minecraft:coarse_dirt":1,"minecraft:furnace":3,"minecraft:mud":2,"minecraft:iron_ore":2,"minecraft:birch_leaves":2,"minecraft:grass":1,"minecraft:coal_ore":35,"minecraft:oak_log":12,"minecraft:gravel":1,"minecraft:dirt":7,"minecraft:stone":112,"minecraft:mossy_stone_bricks":4,"minecraft:oak_leaves":1},"minecraft:dropped":{"minecraft:cooked_chicken":2,"minecraft:light_gray_wool":1,"minecraft:charcoal":1,"minecraft:brown_wool":1,"minecraft:wooden_pickaxe":1,"minecraft:white_wool":2},"minecraft:custom":{"minecraft:interact_with_furnace":28,"minecraft:mob_kills":25,"minecraft:interact_with_crafting_table":7,"minecraft:leave_game":1,"minecraft:time_since_death":32175,"minecraft:sleep_in_bed":1,"minecraft:time_since_rest":7531,"minecraft:sprint_one_cm":37334,"minecraft:damage_taken":360,"minecraft:walk_one_cm":116361,"minecraft:drop":8,"minecraft:damage_dealt":2211,"minecraft:swim_one_cm":10558,"minecraft:fly_one_cm":22838,"minecraft:open_chest":2,"minecraft:play_time":32175,"minecraft:sneak_time":85,"minecraft:walk_under_water_one_cm":5528,"minecraft:jump":253,"minecraft:interact_with_blast_furnace":2,"minecraft:walk_on_water_one_cm":3536,"minecraft:total_world_time":32175,"minecraft:fall_one_cm":4279}},"DataVersion":3465}