{"stats":{"minecraft:used":{"iceandfire:lectern":4,"minecraft:moss_block":1,"iceandfire:dragon_skull_ice":1,"minecraft:black_carpet":6,"minecraft:soul_sand":153,"minecraft:snowball":3,"minecraft:spruce_boat":25,"minecraft:lava_bucket":5,"minecraft:music_disc_pigstep":2,"minecraft:cherry_leaves":1,"minecraft:bow":78,"minecraft:oak_sapling":3,"minecraft:damaged_anvil":2,"minecraft:wooden_pickaxe":5,"minecraft:glow_berries":2,"minecraft:golden_apple":2,"minecraft:blast_furnace":1,"minecraft:mangrove_door":12,"alexscaves:abyssmarine":51,"minecraft:diamond_sword":163,"minecraft:smithing_table":3,"minecraft:oak_boat":4,"minecraft:waxed_cut_copper_stairs":1,"minecraft:enchanting_table":1,"minecraft:armor_stand":1,"minecraft:cooked_salmon":6,"minecraft:torch":165,"minecraft:brewing_stand":2,"alexscaves:ink_bomb":1,"minecraft:music_disc_mellohi":1,"minecraft:iron_block":65,"minecraft:polished_deepslate_wall":1,"minecraft:barrel":1,"gobber2:gobber2_staff_ensnarement":16,"minecraft:calcite":134,"iceandfire:chared_dirt":1,"alexscaves:primitive_club":19,"minecraft:diamond_block":2,"minecraft:white_bed":7,"minecraft:spruce_log":22,"minecraft:music_disc_strad":3,"mowziesmobs:wrought_axe":6,"minecraft:diamond_pickaxe":774,"minecraft:diamond_shovel":45,"alexscaves:extinction_spear":32,"alexscaves:spelunkie":2,"minecraft:leather_helmet":1,"minecraft:spruce_sapling":2,"minecraft:potion":1,"minecraft:cooked_porkchop":20,"minecraft:brush":8,"alexscaves:nuclear_bomb":1,"minecraft:dandelion":2,"alexscaves:magic_conch":4,"minecraft:cherry_sapling":1,"minecraft:decorated_pot":2,"minecraft:nether_wart":31,"gobber2:gobber2_sword_nether":965,"minecraft:jungle_planks":9,"minecraft:music_disc_13":1,"minecraft:obsidian":51,"minecraft:item_frame":41,"minecraft:deepslate_diamond_ore":1,"minecraft:gold_block":20,"minecraft:skeleton_skull":2,"minecraft:wither_skeleton_skull":95,"minecraft:stone_pickaxe":177,"minecraft:gray_carpet":12,"minecraft:oak_planks":169,"alexscaves:depth_charge":2,"minecraft:sugar_cane":30,"gobber2:gobber2_paxel_nether":6148,"minecraft:crossbow":2,"minecraft:bread":468,"iceandfire:dragon_skull_fire":5,"minecraft:cooked_rabbit":9,"minecraft:white_tulip":2,"minecraft:flint_and_steel":11,"minecraft:ender_chest":5,"minecraft:cooked_chicken":8,"alexscaves:block_of_pearl":1,"minecraft:dirt":176,"alexscaves:limestone":3,"alexscaves:siren_light":1,"minecraft:waxed_cut_copper":1,"minecraft:weathered_cut_copper":1,"minecraft:netherite_pickaxe":1185,"alexscaves:occult_gem":1,"minecraft:cooked_beef":63,"minecraft:enchanted_golden_apple":1,"minecraft:iron_leggings":1,"alexscaves:dinosaur_nugget":14,"minecraft:music_disc_cat":2,"alexscaves:curly_fern":40,"alexscaves:beholder":1,"minecraft:flower_pot":4,"alexscaves:slam":3,"minecraft:stone_axe":80,"iceandfire:chared_gravel":3,"minecraft:spruce_slab":5,"minecraft:ladder":3,"alexscaves:scrap_metal_plate":2,"gobber2:gobber2_boots":2,"minecraft:chest":90,"alexscaves:remote_detonator":1,"minecraft:wet_sponge":1,"gobber2:gobber2_hammer":3951,"minecraft:music_disc_stal":2,"minecraft:furnace":30,"minecraft:egg":2,"minecraft:potato":2,"minecraft:diorite":2,"minecraft:spruce_door":5,"minecraft:orange_tulip":2,"minecraft:smooth_quartz_stairs":2,"minecraft:dark_oak_trapdoor":2,"minecraft:cyan_carpet":17,"alexscaves:nuclear_siren":2,"gobber2:gobber2_staff_stars":1178,"gobber2:gobber2_chestplate":4,"gobber2:gobber2_leggings":2,"minecraft:netherrack":707,"minecraft:anvil":2,"minecraft:nether_brick_slab":1,"alexscaves:coprolith":6,"alexscaves:sea_staff":186,"minecraft:iron_axe":34,"alexscaves:ortholance":1,"gobber2:gobber2_helmet":6,"alexscaves:sea_pig_bucket":9,"minecraft:goat_horn":7,"minecraft:oxidized_copper":2,"minecraft:cobbled_deepslate":57,"minecraft:golden_axe":29,"minecraft:water_bucket":321,"iceandfire:dragon_skull_lightning":1,"minecraft:polished_blackstone_bricks":48,"alexscaves:tremorzilla_egg":3,"minecraft:mossy_cobblestone":4,"minecraft:crafting_table":38,"minecraft:mangrove_sign":1,"minecraft:cake":8,"minecraft:oak_log":8,"minecraft:dark_prismarine":4,"minecraft:ender_eye":17,"minecraft:iron_pickaxe":1016,"iceandfire:cyclops_skull":8,"minecraft:cobblestone":431,"alexscaves:radrock":12,"minecraft:jukebox":3,"iceandfire:tide_trident":3,"alexscaves:hologram_projector":1,"minecraft:iron_shovel":3,"gobber2:gobber2_gooey_bread":1,"minecraft:shield":9,"minecraft:iron_sword":670,"minecraft:player_head":4,"minecraft:carrot":4,"iceandfire:frozen_stone":3,"gobber2:gobber2_glass_nether":3,"minecraft:tuff":56,"alexscaves:acid_bucket":1,"mowziesmobs:naga_fang_dagger":3,"alexscaves:amber":55,"gobber2:gobber2_bow_nether":1421,"minecraft:stone_bricks":4,"alexscaves:cinder_block_wall":2,"minecraft:waxed_oxidized_cut_copper_slab":1,"minecraft:dark_oak_sign":2,"alexscaves:muck":22,"alexscaves:cave_book":50,"minecraft:shears":4,"minecraft:string":2,"minecraft:cyan_bed":6,"minecraft:gravel":34,"alexscaves:radon_lamp_black":5,"minecraft:chainmail_boots":1,"minecraft:andesite":48,"minecraft:experience_bottle":11,"minecraft:trident":652,"minecraft:music_disc_otherside":2,"gobber2:gobber2_paxel":1922,"minecraft:stone_shovel":40,"alexscaves:forsaken_idol":2,"minecraft:spruce_planks":105,"minecraft:spruce_stairs":22,"minecraft:oak_wood":21,"minecraft:dark_oak_planks":6,"minecraft:bookshelf":15,"minecraft:red_tulip":1,"gobber2:gobber2_gooey_beef":2,"alexscaves:spelunkery_table":8,"minecraft:golden_carrot":43,"gobber2:gobber2_sword":1245,"iceandfire:hippocampus_slapper":4,"simplyswords:soulstealer":4,"minecraft:cooked_mutton":11,"simplyswords:diamond_katana":1,"alexscaves:dinosaur_chop":10,"minecraft:cyan_candle":3,"minecraft:beacon":1,"minecraft:mangrove_trapdoor":2,"iceandfire:amphithere_macuahuitl":4,"alexscaves:magnetic_activator":2,"minecraft:painting":61,"minecraft:map":1,"alexscaves:scrap_metal":1,"minecraft:fishing_rod":24,"minecraft:white_banner":5,"minecraft:bucket":339,"gobber2:gobber2_helmet_nether":2},"minecraft:custom":{"minecraft:interact_with_crafting_table":305,"minecraft:damage_blocked_by_shield":435,"minecraft:play_time":2961774,"minecraft:deaths":3,"minecraft:jump":14414,"minecraft:play_record":13,"minecraft:interact_with_smoker":1,"minecraft:inspect_dispenser":11,"minecraft:interact_with_anvil":20,"minecraft:inspect_dropper":6,"minecraft:inspect_hopper":1,"minecraft:tune_noteblock":19,"minecraft:time_since_rest":138288,"minecraft:swim_one_cm":5647507,"minecraft:open_chest":2447,"minecraft:damage_resisted":3534,"minecraft:play_noteblock":8,"minecraft:talked_to_villager":7,"minecraft:interact_with_brewingstand":2,"minecraft:interact_with_beacon":4,"minecraft:damage_dealt_resisted":419,"minecraft:boat_one_cm":1209650,"minecraft:damage_taken":29635,"minecraft:open_barrel":422,"minecraft:bell_ring":4,"minecraft:eat_cake_slice":11,"minecraft:leave_game":64,"minecraft:time_since_death":345192,"minecraft:enchant_item":84,"minecraft:interact_with_furnace":338,"minecraft:sleep_in_bed":18,"minecraft:damage_dealt":265487,"minecraft:interact_with_smithing_table":14,"minecraft:damage_dealt_absorbed":1426,"minecraft:sneak_time":93802,"minecraft:interact_with_blast_furnace":25,"minecraft:total_world_time":2961774,"minecraft:interact_with_stonecutter":1,"minecraft:fly_one_cm":31600183,"minecraft:fish_caught":19,"minecraft:fall_one_cm":1939227,"minecraft:animals_bred":2,"minecraft:sprint_one_cm":1626319,"minecraft:drop":1716,"minecraft:walk_on_water_one_cm":519300,"minecraft:interact_with_loom":28,"minecraft:open_enderchest":45,"minecraft:crouch_one_cm":229292,"minecraft:mob_kills":1524,"minecraft:climb_one_cm":72541,"minecraft:walk_one_cm":6863814,"minecraft:walk_under_water_one_cm":2153218,"minecraft:pot_flower":4,"minecraft:interact_with_grindstone":11,"minecraft:damage_absorbed":202,"minecraft:trigger_trapped_chest":4},"minecraft:crafted":{"minecraft:black_dye":40,"alexscaves:primordial_pants":1,"minecraft:blaze_powder":2,"gobber2:gobber2_chestplate_nether":2,"alexscaves:dreadbow":1,"minecraft:diamond_helmet":1,"minecraft:beacon":1,"alexscaves:nuclear_bomb":2,"minecraft:black_wool":5,"gobber2:gobber2_ingot":237,"gobber2:gobber2_glob_nether":78,"alexscaves:uranium_rod":6,"gobber2:gobber2_hammer":1,"iceandfire:dragonscale_black":1,"gobber2:gobber2_bow_nether":1,"minecraft:smithing_table":1,"gobber2:gobber2_rod":14,"gobber2:gobber2_medallion_nether":2,"minecraft:iron_pickaxe":4,"alexscaves:galena_gauntlet":1,"gobber2:gobber2_medallion_breathing":2,"minecraft:netherite_ingot":1,"minecraft:golden_carrot":48,"mowziesmobs:naga_fang_dagger":1,"gobber2:gobber2_helmet":1,"minecraft:spruce_stairs":16,"alexscaves:tremorzilla_egg":2,"minecraft:stone_pickaxe":2,"minecraft:spruce_boat":1,"alexscaves:cooked_dinosaur_chop":39,"minecraft:enchanting_table":1,"gobber2:gobber2_staff_stars":2,"iceandfire:pixie_jar_empty":3,"gobber2:gobber2_medallion_exp":2,"gobber2:gobber2_ring_haste":1,"gobber2:gobber2_shovel_nether":1,"minecraft:iron_shovel":2,"minecraft:armor_stand":1,"iceandfire:hippocampus_slapper":1,"alexscaves:polymer_plate":16,"gobber2:gobber2_ring_acceleration":1,"alexscaves:pearl":9,"gobber2:gobber2_leggings":1,"minecraft:cooked_chicken":11,"minecraft:stone":83,"gobber2:gobber2_chestplate":1,"minecraft:bow":2,"alexscaves:serene_salad":14,"minecraft:chest":33,"gobber2:gobber2_pickaxe":1,"minecraft:ender_eye":2,"minecraft:stone_bricks":80,"gobber2:gobber2_ring_phoenix":2,"gobber2:gobber2_ingot_nether":132,"minecraft:iron_helmet":1,"minecraft:brush":1,"alexscaves:extinction_spear":2,"minecraft:purple_dye":2,"minecraft:stick":208,"minecraft:iron_ingot":497,"alexscaves:resistor_shield":1,"alexscaves:packed_galena":5,"gobber2:gobber2_axe_nether":1,"minecraft:fishing_rod":4,"gobber2:gobber2_shovel":1,"minecraft:furnace":10,"gobber2:gobber2_ring_vision":2,"alexscaves:ominous_catalyst":3,"iceandfire:sea_serpent_scale_block_red":1,"gobber2:gobber2_sword":1,"iceandfire:silver_ingot":99,"minecraft:mangrove_door":6,"minecraft:iron_sword":4,"minecraft:cooked_salmon":6,"gobber2:gobber2_ring_miner":1,"minecraft:mangrove_planks":40,"minecraft:jungle_planks":68,"gobber2:gobber2_staff_ensnarement":1,"minecraft:white_dye":2,"minecraft:anvil":2,"minecraft:torch":136,"minecraft:diamond_chestplate":1,"minecraft:ender_chest":2,"alexscaves:hood_of_darkness":1,"minecraft:smooth_stone":3,"gobber2:gobber2_paxel":1,"alexscaves:cloak_of_darkness":1,"minecraft:bookshelf":15,"minecraft:cooked_mutton":42,"minecraft:glass":216,"minecraft:quartz_block":241,"gobber2:gobber2_ring_ascent":1,"minecraft:magenta_dye":8,"minecraft:flower_pot":2,"iceandfire:amphithere_macuahuitl":1,"minecraft:glass_bottle":30,"minecraft:emerald":18,"minecraft:cooked_porkchop":13,"gobber2:gobber2_axe":1,"minecraft:spruce_door":12,"alexscaves:raygun":1,"minecraft:copper_ingot":46,"gobber2:gobber2_helmet_nether":2,"gobber2:gobber2_leggings_nether":2,"usefulbackpacks:backpack_large":8,"minecraft:iron_block":129,"minecraft:gold_ingot":83,"gobber2:gobber2_ring_repair":1,"gobber2:gobber2_medallion":2,"gobber2:gobber2_paxel_nether":1,"minecraft:stone_shovel":1,"minecraft:smooth_stone_slab":6,"alexscaves:holocoder":1,"minecraft:bone_meal":3,"gobber2:gobber2_glob":89,"minecraft:diamond":54,"minecraft:spruce_slab":18,"gobber2:gobber2_rod_nether":10,"gobber2:gobber2_boots":1,"alexscaves:block_of_pearl":1,"minecraft:redstone_block":35,"minecraft:dark_oak_planks":20,"minecraft:wheat":1675,"minecraft:coal_block":12,"minecraft:netherite_pickaxe":1,"minecraft:glowstone":4,"minecraft:iron_leggings":2,"alexscaves:hologram_projector":1,"minecraft:white_bed":2,"iceandfire:dragonforge_fire_brick":4,"minecraft:brick":7,"minecraft:oak_planks":76,"usefulbackpacks:backpack_small":9,"gobber2:gobber2_pickaxe_nether":2,"iceandfire:lectern":1,"alexscaves:pewen_planks":288,"minecraft:iron_boots":1,"gobber2:gobber2_boots_nether":2,"alexscaves:primitive_club":2,"minecraft:netherite_upgrade_smithing_template":2,"alexscaves:block_of_uranium":4,"minecraft:item_frame":20,"gobber2:gobber2_sword_nether":1,"minecraft:crafting_table":14,"minecraft:spruce_planks":596,"minecraft:wooden_pickaxe":1,"minecraft:gold_block":50,"minecraft:birch_planks":4,"minecraft:iron_chestplate":2,"minecraft:emerald_block":36,"minecraft:paper":243,"minecraft:charcoal":2,"minecraft:diamond_pickaxe":2,"minecraft:shield":2,"iceandfire:dragonscale_bronze":5,"gobber2:gobber2_ring_return":1,"alexscaves:primordial_helmet":1,"xpbook:xp_tome":4,"minecraft:shears":2,"minecraft:coal":81,"alexscaves:dinosaur_nugget":468,"alexscaves:shadow_silk":14,"alexscaves:radon_lamp_black":4,"alexscaves:cave_map":6,"minecraft:diamond_block":85,"iceandfire:sea_serpent_scale_block_bronze":1,"minecraft:iron_axe":1,"usefulbackpacks:backpack_medium":9,"gobber2:gobber2_ring_nether":7,"iceandfire:dragon_bone_block":6,"minecraft:netherite_scrap":75,"alexscaves:remote_detonator":1,"alexscaves:beholder":1,"minecraft:cooked_beef":56,"minecraft:red_dye":5,"minecraft:magenta_bed":3,"iceandfire:tide_trident":1,"gobber2:gobber2_ring":3,"minecraft:bowl":24,"alexscaves:siren_light":1,"minecraft:bucket":2,"minecraft:stone_axe":2,"minecraft:air":0,"minecraft:bread":561,"alexscaves:primordial_tunic":1,"minecraft:blue_dye":3,"minecraft:oak_boat":1,"iceandfire:bestiary":2,"minecraft:white_wool":48,"minecraft:gold_nugget":360,"alexscaves:limestone_spear":4,"minecraft:acacia_planks":4,"minecraft:lapis_lazuli":45,"minecraft:lapis_block":36},"minecraft:mined":{"minecraft:blackstone_stairs":3,"alexscaves:forsaken_idol":7,"minecraft:white_bed":8,"minecraft:weathered_cut_copper_slab":8,"alexscaves:midnight_anemone":1,"minecraft:red_nether_bricks":4,"alexscaves:azure_neodymium_pillar":32,"alexscaves:limestone":136,"minecraft:granite":4,"alexscaves:tremorsaurus_egg":2,"minecraft:acacia_log":1,"alexscaves:coprolith":51,"minecraft:nether_wart":30,"minecraft:spawner":80,"minecraft:polished_blackstone_bricks":154,"minecraft:magma_block":27,"minecraft:dark_oak_trapdoor":11,"minecraft:mossy_cobblestone_stairs":1,"minecraft:cobbled_deepslate":14,"minecraft:fire":248,"minecraft:barrel":6,"gobber2:gobber2_ore_nether":186,"alexscaves:guanostone_tiles":9,"minecraft:deepslate_lapis_ore":19,"minecraft:nether_brick_stairs":1,"alexscaves:fiddlehead":31,"iceandfire:gold_pile":26,"minecraft:light_gray_concrete":13,"alexscaves:smooth_limestone":6,"minecraft:green_carpet":1,"minecraft:player_head":6,"minecraft:tripwire":1,"alexscaves:thornwood_slab":1,"minecraft:kelp_plant":1,"minecraft:crimson_nylium":102,"minecraft:torch":7,"minecraft:note_block":5,"alexscaves:thin_bone":1,"minecraft:oxidized_copper":5,"minecraft:melon":10,"alexscaves:peering_coprolith":12,"gobber2:gobber2_lucky_block_nether":35,"minecraft:white_stained_glass_pane":1,"alexscaves:pewen_wood":6,"alexscaves:energized_galena_scarlet":2,"iceandfire:sapphire_ore":31,"minecraft:sugar_cane":117,"alexscaves:dusk_anemone":3,"minecraft:amethyst_block":5,"minecraft:chain":7,"minecraft:mud":14,"minecraft:tinted_glass":11,"minecraft:jukebox":3,"minecraft:pitcher_plant":4,"minecraft:wither_rose":1,"minecraft:grass":64,"minecraft:smooth_quartz":27,"minecraft:smooth_basalt":16,"minecraft:deepslate":621,"minecraft:suspicious_gravel":3,"alexscaves:flood_basalt":42,"minecraft:dark_prismarine":19,"alexscaves:primal_magma":105,"alexscaves:acidic_radrock":5,"minecraft:mossy_cobblestone":11,"minecraft:nether_brick_wall":1,"alexscaves:stripped_thornwood_log":3,"iceandfire:pixie_house_birch":2,"alexscaves:cave_painting_tree_stars":2,"minecraft:dark_oak_fence":11,"alexscaves:galena_brick_wall":1,"minecraft:spruce_fence":1,"alexscaves:abyssmarine":124,"minecraft:stripped_jungle_wood":17,"alexscaves:galena":42,"alexscaves:mussel":11,"alexscaves:archaic_vine_plant":6,"minecraft:redstone_ore":8,"minecraft:waxed_oxidized_cut_copper":7,"minecraft:packed_mud":96,"alexscaves:thornwood_stairs":4,"minecraft:pink_concrete":1,"iceandfire:chared_gravel":18,"minecraft:andesite":190,"minecraft:vine":4,"minecraft:bone_block":28,"alexscaves:scrap_metal":3,"minecraft:ender_chest":6,"minecraft:oak_slab":3,"minecraft:soul_sand":414,"minecraft:dandelion":3,"alexscaves:flytrap":4,"minecraft:campfire":12,"minecraft:lightning_rod":3,"minecraft:copper_ore":8,"minecraft:tall_grass":19,"minecraft:deepslate_gold_ore":2,"minecraft:diorite":30,"alexscaves:cave_painting_relicheirus":1,"minecraft:orange_carpet":1,"minecraft:black_stained_glass":1,"minecraft:coarse_dirt":3,"alexscaves:depth_glass":6,"minecraft:dark_prismarine_slab":1,"iceandfire:silver_pile":107,"alexscaves:geothermal_vent_thin":1,"minecraft:gravel":429,"minecraft:cobweb":47,"minecraft:brown_terracotta":2,"minecraft:polished_blackstone":1,"minecraft:stone_bricks":14,"minecraft:gold_ore":12,"alexscaves:cave_painting_footprints":1,"minecraft:waxed_exposed_cut_copper":6,"minecraft:fern":19,"minecraft:prismarine_wall":1,"minecraft:mossy_stone_brick_slab":1,"alexscaves:geothermal_vent_medium":2,"minecraft:orange_stained_glass":1,"minecraft:brewing_stand":2,"minecraft:spruce_trapdoor":6,"minecraft:budding_amethyst":1,"alexscaves:geothermal_vent":2,"minecraft:mangrove_door":9,"alexscaves:pewen_branch":4,"gobber2:gobber2_ore_deepslate":309,"gobber2:gobber2_lucky_block":48,"minecraft:cracked_polished_blackstone_bricks":61,"alexscaves:sulfur":10,"minecraft:mossy_cobblestone_slab":1,"minecraft:red_tulip":3,"minecraft:flowering_azalea_leaves":3,"alexscaves:block_of_pearl":1,"minecraft:iron_bars":3,"alexscaves:ambersol":9,"minecraft:potted_cornflower":1,"minecraft:azalea":13,"minecraft:potted_orange_tulip":1,"minecraft:spruce_slab":12,"minecraft:waxed_cut_copper_stairs":3,"iceandfire:chared_cobblestone":1,"minecraft:waxed_cut_copper":3,"minecraft:deepslate_redstone_ore":4,"alexscaves:energized_galena_neutral":1,"minecraft:beacon":1,"minecraft:nether_quartz_ore":306,"minecraft:wither_skeleton_wall_skull":1,"minecraft:oak_planks":62,"minecraft:wall_torch":9,"alexscaves:thornwood_planks":10,"alexscaves:thornwood_fence":3,"minecraft:dark_oak_slab":8,"minecraft:tnt":10,"minecraft:oak_log":26,"alexscaves:coprolith_coal_ore":2,"minecraft:dirt":299,"alexscaves:unrefined_waste":3,"minecraft:dispenser":1,"minecraft:ancient_debris":39,"minecraft:cyan_candle":2,"minecraft:dark_oak_leaves":4,"minecraft:stripped_mangrove_log":1,"minecraft:mangrove_wall_sign":3,"iceandfire:frozen_cobblestone":12,"minecraft:ladder":3,"minecraft:stone_button":2,"minecraft:weathered_copper":2,"minecraft:decorated_pot":1,"minecraft:brown_mushroom_block":56,"minecraft:birch_slab":2,"iceandfire:chared_dirt":11,"alexscaves:galena_spire":2,"minecraft:spruce_leaves":50,"minecraft:acacia_slab":1,"iceandfire:chared_grass":4,"minecraft:hay_block":164,"alexscaves:limestone_slab":2,"minecraft:waxed_oxidized_cut_copper_slab":1,"minecraft:peony":1,"minecraft:gold_block":16,"minecraft:bookshelf":43,"minecraft:deepslate_iron_ore":6,"alexscaves:cave_painting_trilocaris":1,"minecraft:oxidized_cut_copper_slab":9,"alexscaves:hologram_projector":1,"minecraft:stripped_oak_log":1,"minecraft:wet_sponge":5,"minecraft:acacia_leaves":1,"alexscaves:porous_coprolith":5,"minecraft:basalt":44,"minecraft:polished_granite":1,"minecraft:oak_fence":4,"minecraft:deepslate_coal_ore":2,"minecraft:polished_blackstone_brick_stairs":2,"minecraft:birch_planks":13,"minecraft:ice":1,"iceandfire:pixie_house_mushroom_red":2,"iceandfire:ash":3,"gobber2:gobber2_lucky_block_deepslate":2,"minecraft:white_wall_banner":5,"minecraft:cyan_carpet":22,"minecraft:flower_pot":1,"minecraft:cracked_stone_bricks":2,"alexscaves:scarlet_magnet":2,"alexscaves:packed_galena":1,"minecraft:stripped_acacia_wood":1,"minecraft:small_dripleaf":2,"minecraft:mossy_stone_bricks":9,"alexscaves:scarlet_neodymium_pillar":42,"alexscaves:azure_magnet":1,"minecraft:dark_oak_planks":31,"minecraft:dead_horn_coral_fan":1,"minecraft:dark_prismarine_stairs":5,"minecraft:black_terracotta":10,"alexscaves:magnetic_activator":1,"minecraft:jungle_leaves":17,"alexscaves:beholder":1,"mowziesmobs:clawed_log":2,"minecraft:obsidian":19,"minecraft:carved_pumpkin":3,"minecraft:red_sand":12,"minecraft:stone_brick_wall":1,"minecraft:coal_block":16,"alexscaves:muck":1743,"minecraft:orange_concrete":5,"minecraft:tall_seagrass":1,"gobber2:gobber2_ore":30,"minecraft:moss_carpet":5,"minecraft:stripped_dark_oak_wood":9,"alexscaves:smooth_limestone_stairs":2,"alexscaves:scarlet_neodymium_node":3,"minecraft:enchanting_table":1,"minecraft:sculk_shrieker":1,"minecraft:cave_vines":12,"minecraft:dirt_path":1,"alexscaves:smooth_bone_slab":9,"minecraft:oak_stairs":5,"minecraft:stripped_mangrove_wood":12,"minecraft:iron_block":20,"alexscaves:tube_worm":10,"alexscaves:baleen_bone":5,"alexscaves:amber":744,"minecraft:red_bed":1,"alexscaves:cave_painting_grottoceratops":1,"minecraft:amethyst_cluster":2,"minecraft:blast_furnace":1,"alexscaves:guanostone_bricks":4,"minecraft:mud_brick_stairs":2,"minecraft:polished_andesite_stairs":1,"minecraft:cyan_bed":4,"minecraft:damaged_anvil":2,"minecraft:skeleton_skull":1,"minecraft:lilac":2,"minecraft:waxed_copper_block":2,"minecraft:birch_door":2,"minecraft:stone_brick_stairs":2,"minecraft:red_mushroom_block":97,"minecraft:infested_deepslate":1,"minecraft:yellow_terracotta":2,"iceandfire:silver_ore":6,"alexscaves:radrock":63,"minecraft:cobbled_deepslate_slab":2,"minecraft:nether_bricks":13,"minecraft:allium":1,"alexscaves:pewen_log":108,"minecraft:jungle_planks":3,"minecraft:crimson_roots":5,"minecraft:moss_block":98,"alexscaves:thornwood_branch":2,"minecraft:kelp":2,"minecraft:black_stained_glass_pane":5,"minecraft:snow":4,"minecraft:acacia_wood":13,"alexscaves:pewen_pines":7,"minecraft:diamond_block":3,"alexscaves:heart_of_iron":1,"minecraft:smooth_quartz_stairs":3,"minecraft:cut_copper":1,"minecraft:white_wool":14,"minecraft:smithing_table":2,"alexscaves:tesla_bulb":5,"minecraft:mangrove_stairs":1,"minecraft:gray_concrete":9,"minecraft:stone_brick_slab":2,"iceandfire:frozen_gravel":1,"iceandfire:pixie_house_mushroom_brown":4,"minecraft:emerald_ore":6,"minecraft:smooth_red_sandstone_slab":1,"alexscaves:archaic_vine":2,"minecraft:big_dripleaf":1,"minecraft:purple_bed":1,"minecraft:purple_stained_glass":3,"alexscaves:cave_painting_enderman":1,"minecraft:torchflower":5,"minecraft:spruce_log":353,"minecraft:birch_leaves":2,"minecraft:red_wall_banner":1,"minecraft:dark_oak_sign":1,"minecraft:mycelium":8,"alexscaves:cycad":13,"minecraft:dripstone_block":1,"alexscaves:guano_layer":7,"minecraft:waxed_cut_copper_slab":5,"alexscaves:guanostone":35,"minecraft:large_amethyst_bud":1,"minecraft:spruce_planks":98,"minecraft:cobblestone_stairs":1,"minecraft:cave_vines_plant":8,"minecraft:stripped_crimson_hyphae":2,"minecraft:grass_block":94,"minecraft:infested_cobblestone":3,"minecraft:blue_concrete":2,"iceandfire:lectern":3,"minecraft:soul_soil":31,"alexscaves:galena_pillar":2,"minecraft:mud_bricks":44,"minecraft:mud_brick_wall":2,"minecraft:smooth_stone":3,"minecraft:glowstone":12,"minecraft:iron_ore":140,"minecraft:black_carpet":12,"alexscaves:amber_monolith":5,"minecraft:dark_oak_stairs":26,"alexscaves:underweed":3,"alexscaves:limestone_pillar":7,"alexscaves:fern_thatch":10,"minecraft:blackstone":99,"minecraft:cyan_terracotta":3,"alexscaves:radon_lamp_black":1,"minecraft:polished_deepslate_stairs":1,"alexscaves:cinder_block_wall":2,"minecraft:chiseled_quartz_block":5,"minecraft:clay":70,"alexscaves:dinosaur_chop":1,"alexscaves:ancient_leaves":5,"alexscaves:thornwood_wood":24,"minecraft:calcite":336,"minecraft:chest":58,"alexscaves:twilight_anemone":4,"minecraft:mushroom_stem":23,"minecraft:cobblestone":110,"minecraft:iron_door":4,"minecraft:deepslate_copper_ore":3,"minecraft:mangrove_sign":1,"minecraft:orange_tulip":1,"minecraft:sand":421,"minecraft:tripwire_hook":1,"minecraft:wither_skeleton_skull":24,"minecraft:netherrack":2425,"minecraft:polished_deepslate_wall":1,"minecraft:oak_leaves":52,"minecraft:emerald_block":1,"minecraft:nether_gold_ore":17,"alexscaves:spelunkery_table":11,"minecraft:diamond_ore":9,"minecraft:red_carpet":4,"minecraft:tuff":46,"minecraft:deepslate_diamond_ore":127,"minecraft:blackstone_wall":1,"gravestone:gravestone":4,"iceandfire:frozen_stone":20,"alexscaves:sulfur_cluster":7,"alexscaves:bone_worms":1,"minecraft:sandstone":73,"minecraft:large_fern":19,"alexscaves:radrock_uranium_ore":52,"alexscaves:subterranodon_egg":8,"minecraft:oak_trapdoor":2,"minecraft:furnace":24,"alexscaves:energized_galena_azure":8,"minecraft:stripped_spruce_log":1,"minecraft:polished_deepslate":7,"alexscaves:curly_fern":43,"minecraft:white_tulip":2,"minecraft:stone":1588,"alexscaves:cave_painting_dark":1,"minecraft:flowering_azalea":5,"minecraft:spruce_door":4,"minecraft:crafting_table":32,"minecraft:oak_wood":60,"alexscaves:tree_star":22,"minecraft:rose_bush":1,"minecraft:sculk_sensor":1,"alexscaves:metal_swarf":12,"minecraft:lapis_ore":33,"minecraft:spruce_stairs":22,"alexscaves:ping_pong_sponge":7,"minecraft:gray_wool":1,"alexscaves:nuclear_siren":2,"minecraft:redstone_torch":1,"alexscaves:waste_drum":5,"alexscaves:tremorzilla_egg":1,"alexscaves:thornwood_log":31,"minecraft:mangrove_slab":1,"minecraft:coal_ore":174,"minecraft:gray_carpet":14,"minecraft:lodestone":1,"minecraft:polished_andesite":2},"minecraft:broken":{"minecraft:iron_pickaxe":3,"minecraft:stone_pickaxe":1,"minecraft:iron_sword":1,"minecraft:golden_axe":1},"minecraft:killed":{"minecraft:cod":11,"alexscaves:radgill":2,"alexscaves:underzealot":37,"alexscaves:forsaken":1,"minecraft:tropical_fish":2,"alexscaves:teletor":3,"minecraft:parrot":1,"alexscaves:gammaroach":4,"minecraft:salmon":13,"alexscaves:gossamer_worm":1,"minecraft:pillager":26,"minecraft:zombie":300,"alexscaves:trilocaris":27,"iceandfire:lightning_dragon":1,"minecraft:evoker":1,"iceandfire:sea_serpent":3,"alexscaves:corrodent":4,"mowziesmobs:naga":8,"alexscaves:brainiac":5,"minecraft:vindicator":7,"alexscaves:vesper":35,"alexscaves:deep_one":2,"iceandfire:hippocampus":4,"minecraft:husk":54,"iceandfire:cyclops":2,"minecraft:rabbit":2,"minecraft:frog":1,"minecraft:ravager":3,"iceandfire:ice_dragon":2,"minecraft:witch":8,"minecraft:zombified_piglin":16,"minecraft:spider":55,"minecraft:wither":25,"minecraft:silverfish":15,"minecraft:piglin_brute":12,"minecraft:piglin":30,"minecraft:zombie_villager":4,"alexscaves:deep_one_mage":1,"minecraft:sheep":28,"mowziesmobs:lantern":2,"minecraft:ghast":4,"mowziesmobs:umvuthana_raptor":2,"minecraft:vex":3,"minecraft:slime":1,"alexscaves:nucleeper":2,"alexscaves:lanternfish":1,"minecraft:drowned":76,"iceandfire:deathworm":2,"alexscaves:relicheirus":5,"mowziesmobs:grottol":3,"minecraft:hoglin":9,"minecraft:squid":8,"minecraft:wither_skeleton":8,"iceandfire:hippogryph":1,"minecraft:cave_spider":19,"alexscaves:boundroid":1,"minecraft:pufferfish":1,"minecraft:skeleton":275,"alexscaves:mine_guardian":23,"alexscaves:hullbreaker":1,"minecraft:chicken":8,"mowziesmobs:umvuthana_crane":9,"minecraft:magma_cube":11,"alexscaves:deep_one_knight":1,"minecraft:glow_squid":6,"minecraft:cow":30,"alexscaves:ferrouslime":13,"alexscaves:grottoceratops":9,"minecraft:enderman":16,"alexscaves:gloomoth":12,"mowziesmobs:umvuthi":1,"alexscaves:tripodfish":2,"minecraft:turtle":1,"alexscaves:notor":4,"minecraft:creeper":51,"alexscaves:luxtructosaurus":1,"minecraft:blaze":21,"alexscaves:vallumraptor":25,"alexscaves:tremorsaurus":3,"alexscaves:watcher":3,"alexscaves:raycat":1,"minecraft:phantom":18,"iceandfire:fire_dragon":5,"alexscaves:atlatitan":1,"mowziesmobs:umvuthana":1,"iceandfire:amphithere":2,"minecraft:bat":1,"mowziesmobs:umvuthana_follower_raptor":9,"alexscaves:magnetron":2,"alexscaves:subterranodon":5},"minecraft:killed_by":{"minecraft:piglin_brute":1,"minecraft:vindicator":1},"minecraft:dropped":{"minecraft:iron_sword":8,"minecraft:porkchop":13,"minecraft:stripped_mangrove_wood":1,"minecraft:lapis_lazuli":29,"iceandfire:amphithere_macuahuitl":1,"minecraft:glow_ink_sac":3,"minecraft:diamond":1,"minecraft:crafting_table":5,"minecraft:dark_oak_slab":4,"minecraft:glow_berries":1,"minecraft:oxidized_cut_copper_slab":1,"alexscaves:pewen_log":52,"minecraft:cracked_stone_bricks":4,"minecraft:blackstone_stairs":5,"minecraft:red_mushroom":8,"minecraft:emerald":1,"minecraft:gray_concrete":9,"gobber2:gobber2_goo_nether":2,"minecraft:dark_oak_fence":5,"minecraft:dark_oak_trapdoor":9,"alexscaves:abyssmarine":23,"minecraft:mangrove_stairs":1,"minecraft:stripped_dark_oak_wood":4,"alexscaves:dinosaur_nugget":58,"minecraft:gold_nugget":113,"minecraft:sand":210,"gobber2:gobber2_goo":9,"gobber2:gobber2_staff_stars":1,"minecraft:smooth_red_sandstone_slab":1,"minecraft:dark_oak_planks":11,"minecraft:mangrove_slab":1,"minecraft:fishing_rod":3,"alexscaves:raygun":1,"minecraft:white_wool":28,"minecraft:dark_oak_door":1,"mowziesmobs:umvuthana_mask_rage":2,"minecraft:iron_nugget":14,"minecraft:cooked_chicken":2,"alexscaves:diving_leggings":2,"minecraft:cobbled_deepslate":1131,"minecraft:tinted_glass":4,"minecraft:black_carpet":12,"minecraft:wheat":2,"minecraft:rotten_flesh":1177,"minecraft:oak_planks":57,"minecraft:glowstone_dust":21,"alexscaves:sea_staff":2,"alexscaves:cave_book":2,"minecraft:red_candle":1,"alexscaves:dinosaur_chop":75,"alexscaves:smooth_limestone":12,"minecraft:quartz_block":241,"alexscaves:guanostone_bricks":4,"minecraft:leather_boots":1,"alexscaves:cooked_lanternfish":2,"iceandfire:bestiary":1,"minecraft:leather_leggings":1,"alexscaves:diving_boots":2,"minecraft:glass":2,"minecraft:red_nether_bricks":6,"minecraft:beef":36,"minecraft:stone_brick_stairs":2,"minecraft:cartography_table":1,"minecraft:golden_boots":3,"minecraft:stripped_mangrove_log":1,"gobber2:gobber2_ingot":54,"minecraft:black_dye":6,"minecraft:wheat_seeds":30,"gobber2:gobber2_ring_acceleration":2,"minecraft:prismarine_crystals":22,"minecraft:book":4,"alexscaves:thornwood_stairs":4,"mowziesmobs:naga_fang_dagger":1,"minecraft:golden_apple":1,"minecraft:coal_block":1,"minecraft:cobweb":5,"mowziesmobs:sol_visage":1,"minecraft:gray_wool":2,"minecraft:ink_sac":21,"minecraft:lodestone":1,"minecraft:potion":3,"minecraft:oak_stairs":4,"minecraft:pumpkin":1,"minecraft:white_banner":1,"alexscaves:primitive_club":3,"minecraft:mud":8,"minecraft:smooth_stone":3,"alexscaves:limestone_slab":2,"minecraft:chainmail_leggings":2,"alexscaves:tripodfish":1,"minecraft:blue_carpet":12,"minecraft:stone_brick_slab":2,"minecraft:soul_soil":24,"minecraft:player_head":3,"minecraft:orange_concrete":5,"minecraft:stone_shovel":1,"alexscaves:tree_star":8,"minecraft:clay_ball":36,"minecraft:iron_boots":3,"minecraft:mangrove_door":4,"minecraft:light_gray_concrete":13,"minecraft:cobbled_deepslate_slab":2,"minecraft:shears":1,"minecraft:polished_deepslate_stairs":1,"gobber2:gobber2_globette":10,"minecraft:flower_pot":1,"alexscaves:archaic_vine":4,"alexscaves:flood_basalt":52,"alexscaves:heavy_bone":19,"minecraft:waxed_cut_copper":2,"minecraft:peony":1,"minecraft:spruce_trapdoor":6,"minecraft:spruce_planks":40,"minecraft:redstone_torch":2,"minecraft:stone_bricks":22,"alexscaves:dreadbow":1,"minecraft:barrel":2,"minecraft:bamboo":6,"minecraft:sandstone":30,"minecraft:bow":7,"minecraft:red_sand":16,"minecraft:magma_block":64,"minecraft:cyan_bed":1,"minecraft:soul_sand":199,"minecraft:moss_block":37,"minecraft:oak_log":3,"minecraft:golden_pickaxe":1,"minecraft:nether_star":7,"minecraft:dark_oak_sapling":3,"mowziesmobs:umvuthana_mask_faith":1,"alexscaves:gazing_pearl":5,"minecraft:leather":19,"minecraft:jungle_planks":11,"minecraft:iron_horse_armor":1,"minecraft:birch_slab":1,"minecraft:cod":13,"minecraft:cobblestone_stairs":3,"minecraft:cracked_polished_blackstone_bricks":60,"gobber2:gobber2_medallion_breathing":1,"minecraft:mutton":84,"minecraft:snowball":6,"gravestone:obituary":6,"alexscaves:cave_map":3,"iceandfire:ash":1,"gobber2:gobber2_gooey_bread":7,"minecraft:cauldron":1,"alexscaves:pewen_sapling":11,"minecraft:music_disc_otherside":1,"alexscaves:radrock":128,"minecraft:soul_lantern":3,"minecraft:cooked_mutton":5,"alexscaves:pewen_wood":5,"minecraft:mycelium":5,"minecraft:mangrove_sign":7,"minecraft:waxed_oxidized_cut_copper_slab":1,"iceandfire:hippocampus_slapper":2,"gobber2:gobber2_ring_return":1,"minecraft:leather_chestplate":1,"minecraft:trident":1,"simplyswords:soulstealer":1,"alexscaves:pearl":111,"minecraft:oak_wood":25,"minecraft:acacia_slab":1,"minecraft:birch_door":7,"minecraft:iron_bars":3,"minecraft:prismarine_wall":1,"minecraft:polished_granite":1,"minecraft:splash_potion":2,"minecraft:bread":31,"minecraft:golden_helmet":3,"minecraft:lilac":1,"minecraft:golden_axe":4,"minecraft:amethyst_block":6,"minecraft:tropical_fish":2,"minecraft:spruce_stairs":5,"alexscaves:coprolith":231,"minecraft:mud_brick_wall":2,"minecraft:mossy_cobblestone_slab":1,"iceandfire:silver_sword":1,"minecraft:melon_slice":46,"minecraft:mud_brick_stairs":1,"minecraft:iron_door":1,"minecraft:polished_andesite_stairs":1,"minecraft:cyan_candle":6,"minecraft:tripwire_hook":1,"minecraft:polished_deepslate":8,"minecraft:kelp":18,"minecraft:oak_trapdoor":2,"minecraft:weathered_copper":2,"minecraft:dark_prismarine_stairs":1,"alexscaves:serene_salad":8,"minecraft:waxed_exposed_cut_copper":5,"alexscaves:tectonic_shard":1,"minecraft:copper_ore":1,"minecraft:mud_bricks":22,"iceandfire:chared_cobblestone":1,"alexscaves:resistor_shield":1,"minecraft:andesite":1936,"minecraft:golden_leggings":3,"minecraft:oak_sapling":3,"alexscaves:pine_nuts":16,"minecraft:spruce_log":27,"iceandfire:fire_dragon_heart":1,"minecraft:wooden_pickaxe":1,"gobber2:gobber2_medallion_exp":1,"minecraft:brick":1,"minecraft:clay":2,"alexscaves:curly_fern":2,"minecraft:crossbow":2,"minecraft:orange_tulip":1,"minecraft:glow_item_frame":5,"minecraft:mossy_stone_brick_stairs":1,"minecraft:saddle":3,"xpbook:xp_tome":2,"alexscaves:cloak_of_darkness":1,"minecraft:leather_helmet":2,"minecraft:red_carpet":2,"minecraft:item_frame":8,"minecraft:packed_mud":93,"minecraft:dirt":241,"alexscaves:smooth_bone_slab":6,"minecraft:stone_button":2,"mowziesmobs:umvuthana_mask_bliss":1,"alexscaves:primal_magma":32,"minecraft:jungle_sapling":2,"minecraft:chain":6,"minecraft:wooden_sword":1,"minecraft:bone_meal":1,"minecraft:bone_block":9,"minecraft:phantom_membrane":14,"minecraft:sugar":12,"minecraft:iron_pickaxe":2,"alexscaves:cycad":1,"minecraft:cyan_carpet":3,"minecraft:bone":470,"alexscaves:amber_curiosity":1,"minecraft:pink_concrete":1,"alexscaves:hood_of_darkness":1,"minecraft:note_block":3,"usefulbackpacks:backpack_large":2,"minecraft:waxed_cut_copper_stairs":2,"minecraft:sugar_cane":4,"minecraft:golden_chestplate":2,"alexscaves:tough_hide":3,"alexscaves:dusk_anemone":1,"alexscaves:pewen_planks":151,"minecraft:salmon":7,"minecraft:tipped_arrow":2,"alexscaves:diving_helmet":1,"minecraft:charcoal":11,"minecraft:ladder":9,"minecraft:spruce_slab":10,"minecraft:crying_obsidian":4,"minecraft:egg":4,"minecraft:enchanted_book":2,"minecraft:iron_ingot":21,"usefulbackpacks:backpack_medium":1,"minecraft:netherite_pickaxe":1,"minecraft:tnt":1,"alexscaves:galena_brick_wall":1,"minecraft:iron_helmet":1,"minecraft:feather":125,"minecraft:oak_fence":4,"minecraft:yellow_terracotta":1,"minecraft:cobblestone":6079,"mowziesmobs:umvuthana_mask_fear":1,"minecraft:apple":1,"minecraft:granite":35,"minecraft:spruce_door":14,"minecraft:purple_dye":2,"minecraft:polished_blackstone_button":2,"minecraft:chainmail_helmet":1,"minecraft:coal":52,"minecraft:polished_andesite":2,"minecraft:pufferfish":1,"minecraft:golden_carrot":64,"minecraft:rabbit":6,"minecraft:rose_bush":2,"alexscaves:limestone":30,"minecraft:mossy_cobblestone_stairs":3,"alexscaves:lanternfish":1,"minecraft:paper":16,"minecraft:string":121,"minecraft:gray_carpet":5,"minecraft:spruce_sapling":10,"minecraft:pink_tulip":5,"iceandfire:silver_nugget":24,"alexscaves:marine_snow":1824,"minecraft:furnace":5,"minecraft:moss_carpet":29,"minecraft:dark_oak_sign":1,"minecraft:smooth_stone_slab":5,"minecraft:bowl":22,"minecraft:deepslate":4,"minecraft:chicken":4,"minecraft:blue_concrete":2,"minecraft:nether_bricks":2,"minecraft:spruce_fence":1,"minecraft:potato":3,"minecraft:hay_block":1,"minecraft:stone":11,"minecraft:allium":1,"mowziesmobs:clawed_log":2,"alexscaves:ortholance":2,"minecraft:spider_eye":316,"minecraft:magenta_dye":7,"minecraft:red_tulip":3,"minecraft:dark_prismarine":11,"minecraft:black_wool":7,"minecraft:crimson_nylium":3,"minecraft:spruce_sign":1,"minecraft:birch_planks":5,"minecraft:brown_mushroom":1,"minecraft:dark_oak_stairs":22,"alexscaves:burrowing_arrow":2,"iceandfire:tide_trident":1,"simplyswords:diamond_claymore":1,"alexscaves:ambersol":4,"minecraft:flint":67,"minecraft:cyan_terracotta":25,"minecraft:orange_carpet":12,"minecraft:brush":1,"minecraft:dispenser":1,"minecraft:polished_blackstone_brick_stairs":2,"minecraft:cornflower":4,"minecraft:crimson_roots":6,"minecraft:seagrass":2,"minecraft:gilded_blackstone":20,"minecraft:amethyst_shard":12,"minecraft:polished_blackstone_bricks":105,"gobber2:gobber2_ring_phoenix":1,"minecraft:brown_mushroom_block":9,"minecraft:gravel":437,"minecraft:white_tulip":2,"minecraft:crimson_fungus":2,"minecraft:blackstone":224,"alexscaves:amber":403,"minecraft:black_terracotta":3,"minecraft:fern":3,"minecraft:prismarine":32,"minecraft:stone_stairs":1,"alexscaves:ink_bomb":2,"minecraft:carrot":4,"gobber2:gobber2_ingot_nether":54,"minecraft:rabbit_hide":1,"minecraft:gunpowder":85,"minecraft:azalea":11,"minecraft:chest":1,"minecraft:chainmail_boots":1,"minecraft:basalt":19,"minecraft:arrow":313,"iceandfire:chared_grass":1,"minecraft:quartz":631,"minecraft:netherrack":3570,"mowziesmobs:umvuthana_mask_fury":1,"simplyswords:gold_halberd":1,"minecraft:water_bucket":1,"minecraft:stripped_spruce_log":1,"minecraft:oak_slab":2,"gobber2:gobber2_foo":1,"minecraft:mossy_cobblestone":45,"minecraft:diamond_leggings":1,"minecraft:prismarine_shard":39,"minecraft:lead":1,"minecraft:copper_ingot":23,"iceandfire:cyclops_eye":1,"minecraft:grass_block":2,"minecraft:stick":103,"alexscaves:sea_glass_shards":30,"minecraft:diorite":19,"alexscaves:bone_nodule":1,"minecraft:torch":69,"gobber2:gobber2_ring_vision":1,"alexscaves:smooth_limestone_stairs":2,"minecraft:smooth_quartz":27,"minecraft:brown_wool":1,"minecraft:iron_leggings":3,"minecraft:wither_rose":1,"alexscaves:thornwood_planks":6,"minecraft:flowering_azalea":5,"minecraft:iron_axe":2,"alexscaves:guanostone":194,"minecraft:pink_petals":6,"alexscaves:extinction_spear":1,"minecraft:dandelion":2,"minecraft:smooth_basalt":37,"minecraft:redstone":20,"minecraft:warped_nylium":1,"minecraft:ender_chest":2,"minecraft:coarse_dirt":13,"minecraft:chiseled_quartz_block":5,"alexscaves:seeking_arrow":1,"minecraft:raw_copper":398,"minecraft:jukebox":1,"minecraft:tuff":76,"alexscaves:mussel":1,"minecraft:raw_iron":61,"alexscaves:fiddlehead":15,"minecraft:light_gray_wool":3,"alexscaves:diving_chestplate":2,"alexscaves:guanostone_tiles":12,"alexscaves:metal_scaffolding":1,"alexscaves:ominous_catalyst":2,"minecraft:filled_map":12,"minecraft:shield":1,"minecraft:iron_chestplate":4,"minecraft:mossy_stone_bricks":31,"gobber2:gobber2_rod":1,"minecraft:waxed_oxidized_cut_copper":3,"minecraft:golden_sword":2,"alexscaves:occult_gem":1,"minecraft:stone_pickaxe":2,"minecraft:raw_gold":4,"minecraft:calcite":1413},"minecraft:picked_up":{"alexscaves:thin_bone":3,"alexscaves:waste_drum":17,"alexscaves:tough_hide":26,"minecraft:smithing_table":2,"minecraft:lead":1,"alexscaves:unrefined_waste":2,"minecraft:enchanted_book":67,"minecraft:blue_concrete":2,"minecraft:polished_deepslate":14,"minecraft:music_disc_cat":4,"minecraft:polished_blackstone_brick_stairs":4,"minecraft:string":521,"gobber2:gobber2_glass_nether":3,"minecraft:pufferfish":6,"minecraft:diamond_leggings":10,"alexscaves:azure_magnet":6,"alexscaves:stripped_thornwood_log":3,"alexscaves:magic_conch":2,"gobber2:gobber2_ingot_nether":21,"minecraft:weathered_cut_copper_slab":8,"alexscaves:thornwood_wood":24,"minecraft:jukebox":4,"simplyswords:diamond_greataxe":2,"minecraft:acacia_log":1,"minecraft:golden_axe":3,"alexscaves:cinder_block_wall":2,"minecraft:lightning_rod":3,"alexscaves:pewen_branch":6,"minecraft:golden_chestplate":2,"minecraft:cauldron":1,"alexscaves:ominous_catalyst":2,"simplyswords:soulstealer":1,"minecraft:vex_armor_trim_smithing_template":6,"minecraft:red_tulip":4,"minecraft:bookshelf":15,"alexscaves:serene_salad":6,"alexscaves:primitive_club":5,"minecraft:waxed_cut_copper":4,"minecraft:blaze_rod":188,"minecraft:iron_bars":3,"minecraft:snowball":9,"iceandfire:sapphire_gem":61,"alexscaves:smooth_bone_slab":18,"minecraft:feather":197,"minecraft:water_bucket":1,"minecraft:brown_wool":1,"minecraft:flint":79,"alexscaves:galena":1106,"alexscaves:guano":55,"alexscaves:extinction_spear":2,"minecraft:dark_oak_sign":5,"minecraft:diamond_helmet":12,"minecraft:rabbit":6,"alexscaves:porous_coprolith":27,"alexscaves:galena_brick_wall":1,"iceandfire:dragonscales_sapphire":10,"minecraft:stripped_acacia_wood":1,"alexscaves:baleen_bone":3,"iceandfire:dragon_skull_fire":7,"minecraft:stripped_spruce_log":1,"minecraft:brown_mushroom_block":18,"iceandfire:lightning_dragon_heart":1,"minecraft:polished_andesite":2,"minecraft:snout_armor_trim_smithing_template":3,"minecraft:deepslate":4,"iceandfire:lectern":3,"minecraft:lever":2,"minecraft:granite":35,"alexscaves:heart_of_iron":8,"gobber2:gobber2_sword":2,"minecraft:crimson_roots":24,"iceandfire:raw_silver":3,"alexscaves:ortholance":4,"minecraft:diamond_pickaxe":5,"alexscaves:raw_scarlet_neodymium":382,"iceandfire:dragon_skull_lightning":1,"minecraft:mud":15,"alexscaves:primal_magma":407,"alexscaves:cinder_brick":39,"minecraft:clay_ball":436,"alexscaves:pewen_pines":2,"minecraft:leather_leggings":2,"minecraft:golden_pickaxe":1,"minecraft:redstone_lamp":2,"alexscaves:thornwood_branch":10,"minecraft:cornflower":4,"minecraft:iron_shovel":2,"alexscaves:burrowing_arrow":33,"minecraft:jungle_sapling":2,"minecraft:spruce_slab":31,"alexscaves:amber_monolith":10,"minecraft:copper_ore":1,"alexscaves:guanostone":190,"minecraft:stone":18,"alexscaves:cycad":51,"minecraft:music_disc_mellohi":5,"minecraft:fire_charge":1,"alexscaves:primordial_helmet":1,"gobber2:gobber2_ring_ascent":1,"minecraft:mangrove_sign":14,"minecraft:netherite_pickaxe":2,"iceandfire:dragon_skull_ice":3,"alexscaves:dusk_anemone":10,"minecraft:stone_shovel":2,"minecraft:diamond_chestplate":3,"simplyswords:diamond_halberd":1,"minecraft:decorated_pot":2,"minecraft:hay_block":163,"alexscaves:block_of_uranium":2,"minecraft:yellow_terracotta":1,"minecraft:totem_of_undying":3,"minecraft:mutton":187,"minecraft:bone_block":50,"minecraft:emerald_ore":2,"minecraft:mud_bricks":44,"iceandfire:sea_serpent_fang":16,"minecraft:tripwire_hook":4,"alexscaves:sulfur_dust":241,"minecraft:fern":3,"minecraft:torchflower":7,"minecraft:packed_mud":167,"alexscaves:charred_remnant":106,"alexscaves:ambersol":14,"minecraft:paper":138,"alexscaves:pewen_sapling":13,"minecraft:apple":54,"minecraft:wild_armor_trim_smithing_template":2,"alexscaves:green_soylent":166,"minecraft:stone_pickaxe":2,"gobber2:gobber2_gooey_beefstew_nether":8,"alexscaves:polymer_plate":9,"alexscaves:coprolith":301,"minecraft:dark_oak_stairs":42,"alexscaves:trilocaris_bucket":1,"minecraft:polished_andesite_stairs":1,"minecraft:smooth_basalt":165,"mowziesmobs:clawed_log":2,"alexscaves:moth_dust":31,"minecraft:weathered_copper":5,"minecraft:crying_obsidian":4,"minecraft:leather_helmet":3,"minecraft:oak_wood":81,"minecraft:diamond_shovel":1,"alexscaves:smooth_limestone_stairs":2,"minecraft:slime_ball":46,"alexscaves:mussel":40,"alexscaves:subterranodon_egg":12,"alexscaves:spelunkie":4,"minecraft:rib_armor_trim_smithing_template":1,"minecraft:painting":61,"iceandfire:ice_dragon_flesh":22,"alexscaves:scarlet_neodymium_pillar":223,"mowziesmobs:umvuthana_mask_fear":2,"minecraft:lodestone":2,"minecraft:baked_potato":5,"gobber2:gobber2_goo_nether":24,"minecraft:black_carpet":24,"alexscaves:radgill":4,"minecraft:ender_chest":6,"alexscaves:sea_staff":4,"minecraft:sentry_armor_trim_smithing_template":6,"alexscaves:cave_tablet":104,"minecraft:gilded_blackstone":20,"minecraft:stone_brick_stairs":2,"alexscaves:bioluminesscence":9,"minecraft:lapis_block":19,"minecraft:waxed_cut_copper_slab":7,"iceandfire:sea_serpent_scales_teal":2,"minecraft:red_candle":1,"alexscaves:scrap_metal_plate":2,"minecraft:experience_bottle":8,"minecraft:smooth_red_sandstone_slab":1,"iceandfire:sea_serpent_scales_bronze":10,"alexscaves:magnetic_activator":2,"minecraft:red_sand":16,"minecraft:smooth_stone":3,"minecraft:bucket":1,"minecraft:white_tulip":4,"minecraft:rose_bush":3,"minecraft:ender_eye":20,"minecraft:azalea":11,"minecraft:iron_pickaxe":2,"minecraft:smooth_quartz":27,"iceandfire:frozen_gravel":1,"minecraft:smooth_quartz_stairs":2,"gobber2:gobber2_ring_acceleration":2,"alexscaves:flytrap":12,"alexscaves:diving_helmet":4,"minecraft:tipped_arrow":1,"minecraft:acacia_fence":1,"alexscaves:tesla_bulb":15,"alexscaves:beholder":1,"minecraft:polished_deepslate_stairs":4,"alexscaves:limestone_pillar":14,"alexscaves:raw_azure_neodymium":321,"minecraft:spruce_stairs":27,"alexscaves:nuclear_bomb":1,"minecraft:diorite":25,"minecraft:goat_horn":4,"gobber2:gobber2_foo":16,"alexscaves:corrodent_teeth":7,"minecraft:rotten_flesh":1537,"minecraft:obsidian":79,"morebows:diamond_bow":1,"minecraft:cobblestone":7701,"minecraft:enchanting_table":1,"minecraft:pink_petals":6,"minecraft:leather_chestplate":2,"minecraft:lilac":2,"minecraft:andesite":2033,"minecraft:orange_carpet":12,"minecraft:golden_leggings":4,"minecraft:mud_brick_stairs":1,"minecraft:beacon":2,"gobber2:gobber2_leggings":1,"minecraft:potato":10,"gobber2:gobber2_glob":10,"alexscaves:cave_book":2,"iceandfire:dragonscales_bronze":50,"alexscaves:lanternfish":32,"minecraft:dirt":650,"minecraft:stripped_birch_log":2,"minecraft:glass":24,"alexscaves:muck":1526,"minecraft:bone":1079,"alexscaves:toxic_paste":139,"gobber2:gobber2_gooey_beef":32,"minecraft:bow":10,"minecraft:wheat_seeds":38,"minecraft:orange_tulip":4,"minecraft:mossy_stone_bricks":35,"alexscaves:diving_leggings":4,"minecraft:bamboo":12,"minecraft:prismarine":64,"iceandfire:amphithere_feather":45,"alexscaves:abyssmarine":141,"alexscaves:uranium":289,"gobber2:gobber2_chestplate":2,"minecraft:grass_block":2,"minecraft:diamond_block":140,"minecraft:mossy_cobblestone":49,"alexscaves:hologram_projector":1,"alexscaves:cooked_radgill":9,"minecraft:sugar":14,"alexscaves:diving_chestplate":5,"minecraft:soul_lantern":4,"minecraft:cracked_polished_blackstone_bricks":109,"minecraft:crossbow":5,"minecraft:bone_meal":3,"minecraft:golden_apple":147,"minecraft:spruce_sign":2,"minecraft:emerald":84,"minecraft:netherrack":5538,"minecraft:chorus_fruit":4,"iceandfire:silver_nugget":996,"gobber2:gobber2_goo":70,"gobber2:gobber2_boots":1,"minecraft:waxed_oxidized_cut_copper":6,"minecraft:splash_potion":2,"minecraft:ladder":19,"gobber2:gobber2_rod":2,"minecraft:rabbit_stew":1,"alexscaves:block_of_pearl":1,"minecraft:brown_mushroom":45,"alexscaves:raygun":1,"iceandfire:frozen_cobblestone":12,"alexscaves:flood_basalt":308,"minecraft:chain":11,"minecraft:shield":1,"alexscaves:tectonic_shard":37,"alexscaves:metal_swarf":36,"iceandfire:frozen_stone":25,"minecraft:oak_trapdoor":2,"minecraft:moss_carpet":31,"minecraft:mycelium":10,"minecraft:blackstone":334,"simplyswords:runic_tablet":3,"simplyswords:gobber_compat/gobber/gobber_warglaive":1,"iceandfire:ice_dragon_heart":3,"iceandfire:deathworm_chitin_red":62,"alexscaves:primordial_pants":1,"minecraft:note_block":3,"alexscaves:fern_thatch":20,"minecraft:polished_blackstone_bricks":237,"minecraft:trident":4,"alexscaves:gazing_pearl":8,"gobber2:gobber2_globette_nether":554,"iceandfire:pixie_jar_0":1,"alexscaves:dark_tatters":45,"minecraft:pumpkin_pie":46,"minecraft:nether_bricks":2,"minecraft:stripped_dark_oak_wood":9,"minecraft:pink_tulip":5,"minecraft:glistering_melon_slice":52,"minecraft:skeleton_skull":1,"alexscaves:seeking_arrow":1,"minecraft:purple_dye":2,"minecraft:basalt":37,"minecraft:golden_carrot":100,"minecraft:leather":216,"gobber2:gobber2_gooey_beefstew":24,"minecraft:music_disc_stal":4,"minecraft:crimson_fungus":4,"minecraft:chainmail_chestplate":6,"minecraft:gunpowder":858,"alexscaves:ferrouslime_ball":32,"alexscaves:amber":899,"minecraft:cooked_mutton":6,"minecraft:red_carpet":3,"alexscaves:azure_neodymium_node":2,"minecraft:coast_armor_trim_smithing_template":10,"minecraft:gray_carpet":20,"alexscaves:thornwood_planks":9,"minecraft:rabbit_hide":3,"minecraft:iron_ingot":14,"alexscaves:radrock":592,"minecraft:cooked_chicken":11,"alexscaves:curly_fern":58,"alexscaves:enigmatic_engine":6,"iceandfire:fire_dragon_flesh":12,"minecraft:emerald_block":67,"minecraft:stone_brick_slab":2,"alexscaves:fissile_core":75,"iceandfire:ash":2,"minecraft:quartz":2267,"minecraft:dandelion":5,"alexscaves:tree_star":23,"minecraft:amethyst_shard":24,"minecraft:red_banner":1,"minecraft:nether_brick_slab":1,"minecraft:spruce_door":9,"usefulbackpacks:backpack_large":1,"mowziesmobs:naga_fang":197,"minecraft:prismarine_wall":1,"minecraft:chainmail_leggings":5,"minecraft:mossy_cobblestone_stairs":3,"minecraft:cherry_sapling":1,"alexscaves:azure_neodymium_pillar":184,"alexscaves:sea_glass_shards":104,"alexscaves:desolate_dagger":4,"minecraft:damaged_anvil":2,"iceandfire:chared_gravel":7,"alexscaves:ancient_sapling":2,"minecraft:birch_door":10,"minecraft:seagrass":2,"minecraft:iron_chestplate":8,"minecraft:chainmail_boots":3,"minecraft:flower_pot":3,"alexscaves:guanostone_tiles":16,"minecraft:diamond_sword":9,"alexscaves:ink_bomb":24,"minecraft:oak_stairs":4,"alexscaves:trilocaris_tail":27,"minecraft:wither_rose":4,"minecraft:brewing_stand":2,"alexscaves:azure_neodymium_ingot":7,"minecraft:golden_sword":2,"minecraft:polished_deepslate_wall":1,"minecraft:amethyst_block":10,"alexscaves:smooth_limestone":12,"minecraft:dark_oak_trapdoor":13,"minecraft:soul_soil":48,"alexscaves:pure_darkness":17,"minecraft:red_nether_bricks":6,"minecraft:beetroot":114,"minecraft:gold_nugget":455,"minecraft:cobbled_deepslate":1975,"minecraft:spruce_planks":260,"minecraft:waxed_exposed_cut_copper":6,"alexscaves:tremorsaurus_egg":2,"minecraft:netherite_upgrade_smithing_template":5,"alexscaves:cinder_block":8,"minecraft:enchanted_golden_apple":1,"minecraft:melon_slice":122,"minecraft:coal_block":32,"minecraft:dark_oak_door":1,"mowziesmobs:naga_fang_dagger":2,"minecraft:golden_helmet":3,"alexscaves:acid_bucket":1,"iceandfire:lightning_dragon_flesh":3,"minecraft:waxed_cut_copper_stairs":3,"minecraft:salmon_bucket":2,"minecraft:tropical_fish":16,"iceandfire:deathworm_chitin_yellow":9,"iceandfire:fire_dragon_heart":5,"minecraft:iron_block":155,"minecraft:cyan_terracotta":25,"alexscaves:notor_gizmo":4,"minecraft:mangrove_door":10,"alexscaves:archaic_vine":28,"alexscaves:midnight_anemone":3,"minecraft:blackstone_stairs":6,"minecraft:birch_log":18,"iceandfire:dragonscales_black":16,"minecraft:magma_block":112,"minecraft:mossy_cobblestone_slab":1,"minecraft:oxidized_copper":7,"minecraft:iron_door":3,"minecraft:cherry_leaves":1,"minecraft:birch_slab":1,"alexscaves:thornwood_stairs":4,"gobber2:gobber2_gooey_bread_nether":13,"alexscaves:ping_pong_sponge":29,"minecraft:gray_concrete":9,"minecraft:mangrove_slab":1,"gobber2:gobber2_helmet":4,"gobber2:gobber2_glob_nether":33,"alexscaves:depth_charge":373,"gobber2:gobber2_globette":655,"minecraft:glowstone_dust":81,"minecraft:moss_block":49,"alexscaves:rusty_scrap_metal_plate":33,"alexscaves:nuclear_siren":3,"alexscaves:amber_curiosity":28,"iceandfire:shiny_scales":135,"alexscaves:metal_scaffolding":1,"minecraft:ink_sac":89,"minecraft:barrel":7,"iceandfire:chared_cobblestone":1,"alexscaves:occult_gem":4,"minecraft:dispenser":1,"minecraft:chainmail_helmet":1,"minecraft:bread":48,"minecraft:dark_oak_fence":9,"minecraft:crafting_table":34,"minecraft:coarse_dirt":20,"minecraft:nether_wart":213,"gravestone:obituary":4,"minecraft:stripped_mangrove_log":1,"iceandfire:hippocampus_slapper":1,"minecraft:red_bed":1,"alexscaves:fiddlehead":40,"minecraft:netherite_scrap":33,"alexscaves:scrap_metal":8,"minecraft:cracked_stone_bricks":4,"alexscaves:tremorzilla_egg":1,"minecraft:cartography_table":1,"minecraft:deepslate_diamond_ore":6,"minecraft:music_disc_otherside":4,"minecraft:beef":246,"alexscaves:thornwood_log":31,"alexscaves:marine_snow":2143,"minecraft:chest":60,"minecraft:egg":8,"minecraft:sandstone":33,"minecraft:glow_item_frame":9,"alexscaves:geothermal_vent":5,"minecraft:spruce_fence":1,"minecraft:cake":2,"minecraft:carrot":128,"minecraft:redstone":84,"minecraft:prismarine_crystals":96,"minecraft:blue_carpet":12,"mowziesmobs:umvuthana_mask_faith":3,"minecraft:tnt":13,"minecraft:cooked_cod":5,"minecraft:peony":1,"gobber2:gobber2_gooey_beef_nether":14,"iceandfire:dragonscales_silver":45,"minecraft:diamond_boots":12,"minecraft:cut_copper":1,"minecraft:waxed_oxidized_cut_copper_stairs":1,"mowziesmobs:umvuthana_mask_bliss":4,"minecraft:gold_ingot":15,"minecraft:glow_berries":5,"alexscaves:guanostone_bricks":4,"minecraft:white_wool":137,"alexscaves:pewen_log":218,"minecraft:red_mushroom_block":40,"minecraft:red_mushroom":40,"minecraft:filled_map":5,"alexscaves:depth_glass":17,"iceandfire:hippogryph_talon":1,"minecraft:oak_log":45,"minecraft:ancient_debris":64,"iceandfire:pixie_jar_1":1,"minecraft:golden_boots":2,"iceandfire:pixie_jar_3":1,"mowziesmobs:wrought_axe":1,"minecraft:white_banner":5,"iceandfire:pixie_house_mushroom_red":2,"alexscaves:immortal_embryo":2,"minecraft:stone_bricks":25,"mowziesmobs:umvuthana_mask_rage":6,"minecraft:kelp":26,"alexscaves:cooked_dinosaur_chop":7,"minecraft:waxed_weathered_cut_copper_stairs":1,"minecraft:cobweb":5,"minecraft:glass_bottle":6,"minecraft:mangrove_planks":40,"minecraft:iron_sword":11,"minecraft:flowering_azalea":6,"minecraft:dark_oak_slab":8,"minecraft:gravel":608,"iceandfire:hippocampus_fin":1,"iceandfire:cyclops_skull":8,"minecraft:spruce_sapling":15,"alexscaves:scarlet_magnet":2,"minecraft:spruce_log":395,"alexscaves:telecore":11,"alexscaves:pearl":208,"minecraft:stone_axe":1,"minecraft:scute":2,"alexscaves:pine_nuts":36,"minecraft:diamond_axe":8,"alexscaves:rusty_scaffolding":5,"minecraft:gray_wool":3,"alexscaves:cave_map":8,"minecraft:warped_nylium":1,"alexscaves:cooked_lanternfish":4,"minecraft:crimson_nylium":3,"minecraft:ender_pearl":85,"minecraft:music_disc_strad":5,"minecraft:wheat":10,"simplyswords:gold_cutlass":2,"minecraft:redstone_block":34,"minecraft:potion":18,"gobber2:gobber2_ring_return":1,"minecraft:raw_copper":453,"minecraft:smooth_stone_slab":5,"minecraft:iron_leggings":3,"alexscaves:acidic_radrock":5,"minecraft:netherite_ingot":2,"minecraft:redstone_torch":3,"minecraft:calcite":2347,"minecraft:iron_boots":4,"minecraft:furnace":31,"minecraft:stick":256,"alexscaves:limestone_spear":2,"mowziesmobs:sol_visage":3,"minecraft:oak_fence":4,"iceandfire:pixie_house_mushroom_brown":4,"minecraft:torch":36,"iceandfire:dragonscales_white":16,"alexscaves:heavy_bone":116,"minecraft:porkchop":29,"minecraft:music_disc_pigstep":2,"alexscaves:diving_boots":3,"alexscaves:limestone_slab":2,"minecraft:quartz_block":61,"minecraft:nether_gold_ore":2,"simplyswords:gobber_compat/gobber_nether/gobber_nether_warglaive":1,"minecraft:mangrove_stairs":1,"alexscaves:thornwood_slab":1,"minecraft:cod":12,"minecraft:nautilus_shell":8,"minecraft:magma_cream":88,"minecraft:chiseled_quartz_block":5,"minecraft:magenta_dye":4,"minecraft:tuff":203,"minecraft:wither_skeleton_skull":71,"alexscaves:hazmat_leggings":1,"minecraft:lapis_lazuli":626,"minecraft:polished_granite":1,"minecraft:weathered_cut_copper":3,"minecraft:leather_boots":2,"minecraft:raw_gold":17,"minecraft:cobbled_deepslate_slab":2,"minecraft:cyan_candle":6,"minecraft:oak_planks":237,"minecraft:mossy_stone_brick_stairs":1,"gobber2:gobber2_gooey_bread":20,"minecraft:ghast_tear":2,"minecraft:pink_concrete":1,"minecraft:black_terracotta":8,"gobber2:gobber2_rod_nether":9,"minecraft:cooked_porkchop":19,"minecraft:music_disc_13":1,"minecraft:axolotl_bucket":1,"iceandfire:pixie_house_birch":2,"minecraft:jungle_planks":9,"minecraft:sand":646,"minecraft:cyan_bed":6,"alexscaves:bone_nodule":2,"minecraft:oxidized_cut_copper_slab":8,"minecraft:dark_prismarine":44,"alexscaves:radon_bottle":53,"minecraft:light_gray_concrete":13,"minecraft:dark_prismarine_slab":1,"simplyswords:diamond_claymore":4,"minecraft:clay":2,"minecraft:diamond":266,"minecraft:spruce_boat":25,"minecraft:polished_blackstone_button":3,"minecraft:oak_sapling":11,"minecraft:nether_star":52,"minecraft:lingering_potion":1,"minecraft:fishing_rod":6,"minecraft:cocoa_beans":3,"minecraft:charcoal":23,"minecraft:allium":1,"minecraft:chicken":35,"minecraft:turtle_helmet":2,"simplyswords:diamond_katana":1,"mowziesmobs:glowing_jelly":56,"alexscaves:galena_gauntlet":2,"minecraft:gold_block":106,"minecraft:diamond_horse_armor":2,"alexscaves:dinosaur_nugget":182,"alexscaves:cave_codex":4,"minecraft:stone_stairs":2,"minecraft:iron_axe":3,"minecraft:orange_concrete":5,"minecraft:wooden_sword":3,"alexscaves:cooked_tripodfish":3,"alexscaves:scarlet_neodymium_ingot":19,"minecraft:item_frame":36,"alexscaves:dinosaur_chop":177,"minecraft:cyan_carpet":20,"minecraft:dark_prismarine_stairs":4,"minecraft:oak_boat":5,"minecraft:player_head":19,"minecraft:light_gray_wool":3,"minecraft:tinted_glass":8,"minecraft:sugar_cane":285,"minecraft:spruce_trapdoor":8,"minecraft:phantom_membrane":147,"minecraft:dark_oak_sapling":3,"minecraft:stripped_crimson_hyphae":1,"minecraft:raw_iron":198,"iceandfire:dragonbone":83,"minecraft:stripped_mangrove_wood":11,"minecraft:copper_ingot":57,"iceandfire:chared_grass":1,"minecraft:stone_button":8,"alexscaves:tripodfish":27,"minecraft:iron_horse_armor":1,"minecraft:dark_oak_planks":38,"iceandfire:cyclops_eye":4,"minecraft:arrow":929,"alexscaves:pewen_wood":7,"iceandfire:chared_dirt":5,"alexscaves:spelunkery_table":11,"minecraft:saddle":9,"alexscaves:vesper_wing":13,"alexscaves:thornwood_fence":2,"minecraft:wet_sponge":3,"mowziesmobs:umvuthana_mask_fury":3,"minecraft:glow_ink_sac":90,"gobber2:gobber2_ingot":31,"minecraft:salmon":12,"alexscaves:forsaken_idol":6,"minecraft:birch_planks":5,"minecraft:mushroom_stew":4,"alexscaves:limestone":280,"minecraft:waxed_copper_block":1,"minecraft:cobblestone_stairs":3,"alexscaves:twilight_anemone":8,"minecraft:heart_of_the_sea":2,"alexscaves:radon_lamp_black":1,"minecraft:oxidized_cut_copper":3,"minecraft:soul_sand":548,"minecraft:book":308,"minecraft:oak_slab":2,"minecraft:pitcher_plant":8,"minecraft:pumpkin":9,"minecraft:dripstone_block":1,"minecraft:raw_iron_block":38,"alexscaves:galena_pillar":6,"mowziesmobs:wrought_helmet":1,"minecraft:mud_brick_wall":2,"minecraft:blast_furnace":1,"minecraft:white_bed":8,"minecraft:spider_eye":400,"xpbook:xp_tome":8,"minecraft:iron_helmet":1,"minecraft:stripped_jungle_wood":17,"iceandfire:sea_serpent_scales_red":12,"alexscaves:primordial_tunic":1,"minecraft:waxed_oxidized_cut_copper_slab":3,"minecraft:acacia_slab":1,"minecraft:black_wool":6,"minecraft:coal":514}},"DataVersion":3465}