{"stats":{"minecraft:broken":{"minecraft:stone_pickaxe":1,"minecraft:iron_sword":1},"minecraft:killed_by":{"minecraft:vindicator":1},"minecraft:crafted":{"minecraft:oak_planks":72,"minecraft:stone_shovel":1,"minecraft:cooked_chicken":7,"minecraft:furnace":2,"minecraft:cooked_mutton":10,"minecraft:stone_pickaxe":2,"minecraft:wheat":127,"minecraft:coal_block":1,"minecraft:emerald":9,"minecraft:cooked_porkchop":10,"minecraft:crafting_table":3,"minecraft:spruce_planks":60,"minecraft:wooden_pickaxe":1,"minecraft:iron_sword":3,"minecraft:cooked_salmon":6,"minecraft:mangrove_planks":40,"minecraft:stone_axe":1,"minecraft:bread":45,"minecraft:air":0,"minecraft:oak_boat":1,"minecraft:iron_chestplate":2,"minecraft:charcoal":2,"minecraft:stick":76,"minecraft:iron_ingot":2,"minecraft:iron_leggings":2,"minecraft:white_bed":1,"minecraft:torch":16},"minecraft:killed":{"minecraft:witch":1,"minecraft:skeleton":21,"minecraft:chicken":7,"minecraft:husk":36,"minecraft:salmon":6,"minecraft:frog":1,"minecraft:creeper":1,"minecraft:sheep":7,"minecraft:pillager":1,"minecraft:zombie":14},"minecraft:used":{"minecraft:spruce_slab":1,"minecraft:stone_shovel":26,"minecraft:black_carpet":6,"minecraft:spruce_planks":13,"minecraft:chest":5,"minecraft:iron_sword":475,"minecraft:cooked_salmon":6,"minecraft:cooked_chicken":7,"minecraft:torch":20,"minecraft:dirt":3,"minecraft:carrot":2,"minecraft:dark_oak_planks":2,"minecraft:barrel":1,"minecraft:bow":2,"minecraft:furnace":9,"minecraft:egg":2,"minecraft:golden_axe":6,"minecraft:iron_leggings":1,"minecraft:cooked_mutton":11,"minecraft:water_bucket":17,"minecraft:diorite":2,"minecraft:cyan_candle":3,"minecraft:gray_carpet":4,"minecraft:stone_pickaxe":177,"minecraft:oak_planks":35,"minecraft:wooden_pickaxe":5,"minecraft:smooth_quartz_stairs":2,"minecraft:dark_oak_trapdoor":1,"minecraft:mossy_cobblestone":4,"minecraft:mangrove_trapdoor":2,"minecraft:crafting_table":8,"minecraft:white_bed":7,"minecraft:cake":3,"minecraft:dark_prismarine":3,"minecraft:bread":22,"minecraft:cyan_carpet":15,"minecraft:iron_pickaxe":111,"minecraft:leather_helmet":1,"minecraft:stone_axe":80,"minecraft:cobblestone":53,"minecraft:chainmail_boots":1,"minecraft:cooked_porkchop":1,"minecraft:bucket":17,"minecraft:oak_boat":3},"minecraft:picked_up":{"minecraft:iron_chestplate":1,"minecraft:charcoal":11,"minecraft:mud":6,"minecraft:crafting_table":7,"minecraft:coarse_dirt":1,"minecraft:black_carpet":12,"minecraft:wheat":8,"minecraft:chainmail_boots":1,"minecraft:chicken":7,"minecraft:enchanted_book":1,"minecraft:wither_rose":2,"minecraft:potion":2,"minecraft:polished_deepslate":2,"minecraft:dark_oak_trapdoor":1,"minecraft:red_nether_bricks":4,"minecraft:iron_leggings":1,"minecraft:item_frame":9,"minecraft:cyan_carpet":15,"minecraft:beetroot":28,"minecraft:oak_boat":4,"minecraft:calcite":31,"minecraft:player_head":2,"minecraft:iron_pickaxe":2,"minecraft:spruce_slab":1,"minecraft:light_gray_wool":1,"minecraft:melon_slice":17,"minecraft:coal_block":12,"minecraft:chest":7,"minecraft:smooth_quartz_stairs":2,"minecraft:furnace":7,"minecraft:egg":2,"minecraft:raw_iron":2,"minecraft:stick":62,"minecraft:stripped_mangrove_wood":10,"minecraft:torch":4,"minecraft:golden_axe":1,"minecraft:diorite":7,"minecraft:carrot":19,"minecraft:dark_oak_planks":2,"minecraft:arrow":105,"minecraft:stone_shovel":1,"minecraft:rotten_flesh":34,"minecraft:pumpkin_pie":6,"minecraft:hay_block":15,"minecraft:red_tulip":2,"minecraft:gold_ingot":6,"minecraft:mutton":10,"minecraft:white_wool":5,"minecraft:cobblestone":148,"minecraft:feather":16,"minecraft:tripwire_hook":1,"minecraft:water_bucket":1,"minecraft:salmon":6,"minecraft:brown_wool":1,"minecraft:red_mushroom":6,"minecraft:potato":2,"minecraft:oak_log":12,"minecraft:gunpowder":2,"minecraft:dirt":38,"minecraft:cooked_mutton":1,"minecraft:bone":38,"minecraft:gray_carpet":4,"minecraft:bow":1,"minecraft:wheat_seeds":4,"minecraft:raw_gold":1,"minecraft:cooked_chicken":2,"minecraft:mossy_stone_bricks":12,"minecraft:mangrove_planks":40,"minecraft:iron_sword":1,"minecraft:oak_planks":30,"minecraft:book":118,"minecraft:emerald_block":1,"minecraft:cooked_porkchop":9,"minecraft:gravel":8,"minecraft:spruce_sapling":1,"minecraft:white_bed":6,"minecraft:spruce_log":20,"minecraft:cyan_bed":2,"minecraft:barrel":1,"minecraft:mossy_cobblestone":6,"minecraft:dark_prismarine":3,"minecraft:oak_wood":6,"minecraft:sugar":2,"minecraft:stone_axe":1,"minecraft:soul_lantern":3,"minecraft:bone_meal":2,"minecraft:golden_apple":4,"minecraft:emerald":3,"minecraft:bread":48,"minecraft:netherrack":2,"minecraft:coal":82},"minecraft:mined":{"minecraft:dark_prismarine":3,"minecraft:spruce_planks":6,"minecraft:white_bed":6,"minecraft:mossy_cobblestone":2,"minecraft:red_nether_bricks":2,"minecraft:mangrove_wall_sign":1,"minecraft:grass_block":10,"minecraft:jungle_planks":1,"minecraft:coal_block":13,"minecraft:spruce_leaves":5,"minecraft:spawner":5,"minecraft:large_fern":4,"minecraft:hay_block":15,"minecraft:furnace":7,"minecraft:dark_oak_trapdoor":1,"minecraft:iron_ore":2,"minecraft:barrel":1,"minecraft:fire":5,"minecraft:acacia_wood":13,"minecraft:black_carpet":12,"minecraft:peony":1,"minecraft:polished_deepslate":2,"minecraft:bookshelf":4,"minecraft:red_tulip":1,"minecraft:smooth_quartz_stairs":2,"minecraft:stripped_mangrove_wood":11,"minecraft:stone":115,"minecraft:player_head":1,"minecraft:spruce_slab":1,"minecraft:crafting_table":8,"minecraft:note_block":1,"minecraft:emerald_ore":3,"minecraft:oak_wood":6,"minecraft:calcite":33,"minecraft:melon":3,"minecraft:chest":5,"minecraft:campfire":4,"minecraft:cobblestone":6,"minecraft:deepslate_coal_ore":1,"minecraft:oak_planks":13,"minecraft:diorite":7,"minecraft:wall_torch":1,"minecraft:coarse_dirt":1,"minecraft:mud":2,"minecraft:spruce_log":11,"minecraft:birch_leaves":2,"minecraft:red_wall_banner":1,"minecraft:wither_rose":1,"minecraft:grass":1,"minecraft:coal_ore":67,"minecraft:oak_log":12,"minecraft:cyan_carpet":16,"minecraft:dirt":7,"minecraft:gravel":1,"minecraft:sand":15,"minecraft:gray_carpet":4,"minecraft:stone_bricks":1,"minecraft:netherrack":3,"minecraft:mossy_stone_bricks":4,"minecraft:gold_ore":1,"minecraft:oak_leaves":1,"minecraft:cyan_candle":1,"minecraft:emerald_block":1,"minecraft:fern":2},"minecraft:dropped":{"minecraft:iron_sword":1,"minecraft:wheat_seeds":1,"minecraft:mossy_cobblestone":4,"minecraft:coal":11,"minecraft:red_mushroom":6,"minecraft:item_frame":6,"minecraft:stick":8,"minecraft:dirt":24,"minecraft:diorite":1,"minecraft:brown_wool":1,"minecraft:potion":2,"minecraft:iron_leggings":1,"minecraft:wither_rose":1,"minecraft:mud":4,"minecraft:iron_pickaxe":2,"minecraft:white_wool":2,"minecraft:gravel":6,"minecraft:cooked_chicken":2,"minecraft:bowl":4,"minecraft:soul_lantern":2,"minecraft:rotten_flesh":9,"minecraft:light_gray_wool":1,"minecraft:filled_map":1,"minecraft:charcoal":3,"minecraft:iron_chestplate":1,"minecraft:mossy_stone_bricks":8,"minecraft:red_nether_bricks":4,"minecraft:wooden_pickaxe":1,"minecraft:red_tulip":2,"minecraft:cyan_bed":1},"minecraft:custom":{"minecraft:mob_kills":95,"minecraft:interact_with_crafting_table":22,"minecraft:open_barrel":39,"minecraft:eat_cake_slice":9,"minecraft:leave_game":2,"minecraft:time_since_death":34679,"minecraft:climb_one_cm":25832,"minecraft:sprint_one_cm":138358,"minecraft:walk_one_cm":585943,"minecraft:drop":72,"minecraft:play_noteblock":3,"minecraft:play_time":135115,"minecraft:deaths":1,"minecraft:sneak_time":4277,"minecraft:walk_under_water_one_cm":14044,"minecraft:boat_one_cm":389228,"minecraft:interact_with_brewingstand":1,"minecraft:jump":973,"minecraft:interact_with_blast_furnace":17,"minecraft:walk_on_water_one_cm":22798,"minecraft:total_world_time":135115,"minecraft:interact_with_furnace":35,"minecraft:interact_with_loom":1,"minecraft:sleep_in_bed":4,"minecraft:time_since_rest":34766,"minecraft:damage_taken":3072,"minecraft:damage_dealt":21644,"minecraft:swim_one_cm":20872,"minecraft:fly_one_cm":90104,"minecraft:open_chest":49,"minecraft:crouch_one_cm":13090,"minecraft:fall_one_cm":19406}},"DataVersion":3465}