{"stats":{"minecraft:killed":{"minecraft:witch":1,"minecraft:spider":8,"minecraft:skeleton":33,"minecraft:chicken":7,"minecraft:piglin_brute":7,"minecraft:piglin":9,"minecraft:zombie_villager":2,"minecraft:salmon":6,"minecraft:creeper":4,"minecraft:sheep":23,"minecraft:pillager":1,"minecraft:zombie":40,"minecraft:ghast":1,"minecraft:cow":19,"minecraft:husk":40,"minecraft:frog":1,"minecraft:hoglin":5,"minecraft:enderman":2},"minecraft:used":{"minecraft:iron_shovel":3,"minecraft:spruce_slab":1,"minecraft:black_carpet":6,"minecraft:chest":15,"gobber2:gobber2_gooey_bread":1,"minecraft:shield":8,"minecraft:iron_sword":669,"minecraft:player_head":1,"minecraft:carrot":2,"minecraft:tuff":2,"minecraft:spruce_boat":7,"minecraft:bow":76,"minecraft:furnace":12,"minecraft:egg":2,"minecraft:waxed_oxidized_cut_copper_slab":1,"minecraft:diorite":2,"minecraft:spruce_door":5,"minecraft:stone_pickaxe":177,"minecraft:gray_carpet":6,"minecraft:oak_planks":35,"minecraft:wooden_pickaxe":5,"minecraft:smooth_quartz_stairs":2,"minecraft:dark_oak_trapdoor":1,"alexscaves:cave_book":15,"minecraft:mangrove_door":12,"minecraft:string":1,"minecraft:bread":92,"minecraft:cyan_bed":3,"minecraft:cyan_carpet":15,"minecraft:diamond_sword":162,"minecraft:chainmail_boots":1,"minecraft:smithing_table":1,"minecraft:oak_boat":4,"minecraft:trident":3,"minecraft:enchanting_table":1,"gobber2:gobber2_paxel":6,"minecraft:stone_shovel":40,"minecraft:spruce_planks":13,"minecraft:cooked_salmon":6,"minecraft:cooked_chicken":8,"minecraft:netherrack":365,"minecraft:torch":157,"minecraft:dirt":5,"minecraft:anvil":1,"minecraft:spruce_stairs":1,"minecraft:dark_oak_planks":2,"minecraft:bookshelf":15,"minecraft:iron_axe":20,"minecraft:barrel":1,"alexscaves:spelunkery_table":2,"gobber2:gobber2_sword":5,"minecraft:netherite_pickaxe":528,"minecraft:golden_axe":29,"minecraft:iron_leggings":1,"minecraft:calcite":10,"minecraft:cooked_mutton":11,"minecraft:water_bucket":280,"minecraft:cyan_candle":3,"minecraft:polished_blackstone_bricks":48,"minecraft:mossy_cobblestone":4,"minecraft:mangrove_trapdoor":2,"minecraft:crafting_table":15,"minecraft:white_bed":7,"minecraft:mangrove_sign":1,"minecraft:cake":7,"minecraft:dark_prismarine":3,"minecraft:diamond_pickaxe":668,"minecraft:diamond_shovel":43,"minecraft:iron_pickaxe":1016,"minecraft:leather_helmet":1,"minecraft:spruce_sapling":2,"minecraft:stone_axe":80,"minecraft:cobblestone":161,"minecraft:white_banner":1,"minecraft:cooked_porkchop":1,"minecraft:bucket":280},"minecraft:crafted":{"minecraft:oak_planks":72,"gobber2:gobber2_paxel":1,"gobber2:gobber2_leggings":1,"minecraft:cooked_chicken":11,"usefulbackpacks:backpack_small":2,"gobber2:gobber2_chestplate":1,"minecraft:bookshelf":15,"minecraft:cooked_mutton":15,"minecraft:diamond_helmet":1,"minecraft:bow":2,"minecraft:iron_boots":1,"gobber2:gobber2_ring_ascent":1,"minecraft:chest":6,"gobber2:gobber2_pickaxe":1,"minecraft:netherite_upgrade_smithing_template":2,"gobber2:gobber2_ingot":108,"minecraft:emerald":9,"minecraft:cooked_porkchop":13,"minecraft:crafting_table":5,"minecraft:spruce_planks":216,"gobber2:gobber2_axe":1,"minecraft:wooden_pickaxe":1,"minecraft:iron_helmet":1,"minecraft:spruce_door":12,"minecraft:smithing_table":1,"gobber2:gobber2_rod":10,"minecraft:copper_ingot":9,"minecraft:iron_chestplate":2,"minecraft:paper":15,"minecraft:diamond_pickaxe":1,"minecraft:charcoal":2,"minecraft:shield":1,"minecraft:stick":76,"usefulbackpacks:backpack_large":1,"minecraft:iron_ingot":151,"minecraft:iron_pickaxe":4,"minecraft:iron_block":3,"minecraft:gold_ingot":48,"minecraft:netherite_ingot":1,"gobber2:gobber2_medallion":1,"minecraft:stone_shovel":1,"gobber2:gobber2_shovel":1,"minecraft:furnace":4,"alexscaves:cave_map":1,"gobber2:gobber2_helmet":1,"gobber2:gobber2_glob":36,"minecraft:diamond":27,"minecraft:iron_axe":1,"gobber2:gobber2_boots":1,"minecraft:stone_pickaxe":2,"usefulbackpacks:backpack_medium":2,"minecraft:spruce_boat":1,"minecraft:redstone_block":20,"minecraft:netherite_scrap":6,"minecraft:wheat":127,"minecraft:cooked_beef":51,"minecraft:coal_block":12,"gobber2:gobber2_sword":1,"minecraft:netherite_pickaxe":1,"minecraft:enchanting_table":1,"gobber2:gobber2_ring":1,"minecraft:mangrove_door":6,"minecraft:iron_sword":4,"minecraft:cooked_salmon":6,"minecraft:mangrove_planks":40,"minecraft:stone_axe":2,"minecraft:bread":45,"minecraft:air":0,"minecraft:oak_boat":1,"minecraft:iron_shovel":2,"minecraft:iron_leggings":2,"minecraft:anvil":1,"minecraft:white_bed":1,"minecraft:torch":136,"minecraft:lapis_block":36,"minecraft:diamond_chestplate":1},"minecraft:picked_up":{"minecraft:iron_chestplate":2,"minecraft:wheat":8,"minecraft:black_carpet":18,"minecraft:chainmail_boots":1,"minecraft:flower_pot":1,"minecraft:potion":2,"minecraft:wither_rose":2,"minecraft:enchanted_book":1,"minecraft:brewing_stand":1,"minecraft:amethyst_block":6,"minecraft:polished_deepslate":2,"minecraft:polished_blackstone_brick_stairs":2,"minecraft:string":14,"minecraft:dark_oak_trapdoor":1,"minecraft:red_nether_bricks":4,"minecraft:iron_leggings":2,"gobber2:gobber2_glass_nether":3,"minecraft:beetroot":28,"minecraft:gold_nugget":4,"minecraft:cobbled_deepslate":108,"minecraft:netherite_upgrade_smithing_template":1,"minecraft:calcite":99,"minecraft:azalea":10,"minecraft:iron_pickaxe":2,"minecraft:coal_block":12,"minecraft:melon_slice":17,"minecraft:smooth_quartz_stairs":2,"minecraft:furnace":17,"minecraft:golden_helmet":2,"minecraft:stick":62,"minecraft:polished_deepslate_stairs":1,"minecraft:torch":10,"minecraft:spruce_stairs":1,"minecraft:porkchop":10,"minecraft:golden_axe":2,"minecraft:diorite":9,"gobber2:gobber2_foo":5,"minecraft:rotten_flesh":54,"minecraft:tropical_fish":2,"minecraft:red_tulip":2,"minecraft:mangrove_door":10,"minecraft:blackstone_stairs":1,"minecraft:obsidian":3,"minecraft:cobblestone":334,"minecraft:magma_block":13,"minecraft:feather":16,"minecraft:water_bucket":1,"minecraft:andesite":19,"minecraft:brown_wool":1,"minecraft:potato":2,"alexscaves:cave_book":1,"minecraft:tuff":7,"gobber2:gobber2_gooey_bread_nether":6,"minecraft:lapis_lazuli":367,"minecraft:dirt":49,"minecraft:bone":48,"minecraft:bow":2,"gobber2:gobber2_gooey_beef":10,"minecraft:wheat_seeds":8,"minecraft:raw_gold":12,"minecraft:dark_oak_sign":1,"gobber2:gobber2_globette":329,"minecraft:mossy_stone_bricks":12,"minecraft:glowstone_dust":31,"minecraft:moss_block":19,"minecraft:oak_planks":30,"gobber2:gobber2_gooey_bread":5,"gobber2:gobber2_rod_nether":7,"minecraft:cooked_porkchop":9,"minecraft:cyan_bed":3,"minecraft:barrel":2,"minecraft:mossy_cobblestone":6,"minecraft:dark_prismarine":6,"minecraft:snout_armor_trim_smithing_template":1,"minecraft:sugar":2,"minecraft:clay":2,"minecraft:diamond":47,"minecraft:spruce_boat":7,"minecraft:soul_lantern":3,"minecraft:cracked_polished_blackstone_bricks":49,"minecraft:bone_meal":2,"minecraft:golden_apple":4,"minecraft:emerald":4,"minecraft:bread":48,"minecraft:netherrack":635,"gobber2:gobber2_goo":17,"minecraft:crimson_roots":5,"minecraft:mud":6,"minecraft:charcoal":15,"minecraft:coarse_dirt":3,"minecraft:crafting_table":15,"minecraft:chicken":11,"minecraft:nether_wart":4,"minecraft:clay_ball":129,"minecraft:brown_mushroom":1,"minecraft:cornflower":1,"minecraft:moss_carpet":2,"minecraft:item_frame":9,"minecraft:blackstone":47,"minecraft:cyan_carpet":16,"minecraft:dark_prismarine_stairs":1,"minecraft:beef":41,"minecraft:oak_boat":5,"minecraft:player_head":3,"minecraft:light_gray_wool":1,"minecraft:spruce_slab":1,"minecraft:sugar_cane":22,"minecraft:chest":11,"minecraft:spruce_trapdoor":2,"minecraft:egg":4,"minecraft:raw_iron":132,"minecraft:stripped_mangrove_wood":10,"minecraft:polished_blackstone_bricks":132,"minecraft:mangrove_sign":2,"minecraft:trident":1,"minecraft:carrot":19,"minecraft:redstone":53,"minecraft:netherite_pickaxe":1,"minecraft:dark_oak_planks":2,"minecraft:arrow":116,"minecraft:stone_shovel":1,"minecraft:pumpkin_pie":6,"gobber2:gobber2_gooey_beef_nether":7,"minecraft:hay_block":15,"alexscaves:spelunkery_table":2,"minecraft:gold_ingot":6,"minecraft:mutton":37,"minecraft:white_wool":17,"minecraft:basalt":18,"minecraft:tripwire_hook":2,"minecraft:salmon":6,"gobber2:gobber2_gooey_beefstew":8,"minecraft:leather":22,"minecraft:red_mushroom":6,"minecraft:crimson_fungus":1,"minecraft:oak_log":12,"minecraft:waxed_copper_block":1,"minecraft:ancient_debris":1,"minecraft:gunpowder":6,"minecraft:cooked_mutton":6,"minecraft:gray_carpet":7,"minecraft:iron_ingot":1,"minecraft:stone_pickaxe":1,"minecraft:cooked_chicken":2,"gobber2:gobber2_gooey_beefstew_nether":4,"minecraft:mangrove_planks":40,"minecraft:iron_sword":1,"minecraft:flowering_azalea":2,"minecraft:dark_oak_stairs":2,"minecraft:book":121,"minecraft:smooth_basalt":3,"minecraft:emerald_block":1,"minecraft:quartz":55,"minecraft:gravel":11,"minecraft:amethyst_shard":4,"minecraft:spruce_sapling":4,"minecraft:white_bed":8,"minecraft:spruce_log":27,"minecraft:spruce_door":4,"minecraft:oak_wood":6,"minecraft:stone_axe":1,"minecraft:iron_helmet":1,"minecraft:gray_wool":1,"alexscaves:cave_map":1,"minecraft:waxed_oxidized_cut_copper_slab":1,"minecraft:black_wool":3,"gobber2:gobber2_goo_nether":7,"minecraft:coal":177,"minecraft:ender_pearl":2},"minecraft:mined":{"minecraft:dark_prismarine_stairs":1,"minecraft:large_amethyst_bud":1,"minecraft:spruce_planks":6,"minecraft:blackstone_stairs":1,"minecraft:white_bed":8,"minecraft:mossy_stone_brick_slab":1,"minecraft:red_nether_bricks":2,"minecraft:spruce_trapdoor":2,"minecraft:brewing_stand":1,"minecraft:obsidian":3,"minecraft:cave_vines_plant":6,"minecraft:mangrove_door":9,"minecraft:grass_block":11,"gobber2:gobber2_ore_deepslate":169,"gobber2:gobber2_lucky_block":43,"minecraft:cracked_polished_blackstone_bricks":55,"minecraft:coal_block":13,"minecraft:nether_wart":1,"minecraft:spawner":6,"minecraft:polished_blackstone_bricks":147,"minecraft:magma_block":16,"gobber2:gobber2_ore":8,"minecraft:glowstone":12,"minecraft:dark_oak_trapdoor":1,"minecraft:iron_ore":137,"minecraft:fire":13,"minecraft:barrel":2,"minecraft:moss_carpet":1,"minecraft:black_carpet":12,"minecraft:deepslate_lapis_ore":9,"minecraft:dark_oak_stairs":2,"minecraft:red_tulip":1,"minecraft:cave_vines":11,"minecraft:potted_cornflower":1,"minecraft:azalea":11,"minecraft:stripped_mangrove_wood":11,"minecraft:player_head":2,"minecraft:spruce_slab":1,"minecraft:deepslate_redstone_ore":3,"minecraft:blackstone":49,"minecraft:polished_deepslate_stairs":1,"minecraft:crimson_nylium":23,"minecraft:amethyst_cluster":2,"minecraft:clay":32,"minecraft:note_block":1,"minecraft:calcite":102,"minecraft:melon":3,"gobber2:gobber2_lucky_block_nether":34,"minecraft:chest":9,"minecraft:nether_quartz_ore":24,"minecraft:cobblestone":31,"minecraft:cyan_bed":1,"minecraft:oak_planks":13,"minecraft:sugar_cane":8,"minecraft:wall_torch":2,"minecraft:amethyst_block":4,"minecraft:mangrove_sign":1,"minecraft:mud":2,"minecraft:waxed_copper_block":2,"minecraft:wither_rose":1,"minecraft:grass":17,"minecraft:oak_log":12,"minecraft:dirt":26,"minecraft:sand":15,"minecraft:smooth_basalt":3,"minecraft:netherrack":689,"minecraft:ancient_debris":1,"minecraft:oak_leaves":1,"minecraft:cyan_candle":1,"minecraft:deepslate":110,"minecraft:emerald_block":1,"minecraft:yellow_terracotta":1,"minecraft:diamond_ore":9,"minecraft:dark_prismarine":6,"minecraft:nether_gold_ore":1,"alexscaves:spelunkery_table":2,"minecraft:tuff":8,"minecraft:mossy_cobblestone":2,"minecraft:deepslate_diamond_ore":27,"minecraft:mangrove_wall_sign":2,"gravestone:gravestone":1,"minecraft:jungle_planks":1,"minecraft:crimson_roots":3,"minecraft:spruce_leaves":9,"minecraft:moss_block":56,"minecraft:large_fern":4,"minecraft:hay_block":15,"minecraft:redstone_ore":8,"minecraft:furnace":11,"minecraft:waxed_oxidized_cut_copper_slab":1,"minecraft:acacia_wood":13,"minecraft:andesite":21,"minecraft:peony":1,"minecraft:polished_deepslate":2,"minecraft:bookshelf":5,"minecraft:stripped_oak_log":1,"minecraft:smooth_quartz_stairs":2,"minecraft:stone":301,"minecraft:flowering_azalea":4,"minecraft:soul_sand":3,"minecraft:basalt":19,"minecraft:spruce_door":4,"minecraft:crafting_table":15,"minecraft:emerald_ore":4,"minecraft:oak_wood":6,"minecraft:campfire":4,"minecraft:copper_ore":1,"minecraft:tall_grass":16,"minecraft:deepslate_coal_ore":1,"minecraft:lapis_ore":32,"minecraft:polished_blackstone_brick_stairs":2,"minecraft:big_dripleaf":1,"minecraft:diorite":9,"minecraft:spruce_stairs":1,"minecraft:black_stained_glass":1,"minecraft:purple_bed":1,"minecraft:coarse_dirt":3,"minecraft:spruce_log":18,"minecraft:birch_leaves":2,"gobber2:gobber2_lucky_block_deepslate":2,"minecraft:red_wall_banner":1,"minecraft:coal_ore":159,"minecraft:cyan_carpet":17,"minecraft:gravel":6,"minecraft:gray_carpet":9,"minecraft:cobweb":10,"minecraft:stone_bricks":1,"minecraft:mossy_stone_bricks":4,"minecraft:gold_ore":12,"minecraft:fern":2},"minecraft:killed_by":{"minecraft:piglin_brute":1,"minecraft:vindicator":1},"minecraft:broken":{"minecraft:stone_pickaxe":1,"minecraft:iron_sword":1,"minecraft:golden_axe":1,"minecraft:iron_pickaxe":3},"minecraft:custom":{"minecraft:interact_with_crafting_table":82,"minecraft:open_barrel":50,"minecraft:eat_cake_slice":9,"minecraft:leave_game":7,"minecraft:time_since_death":123711,"minecraft:sprint_one_cm":459505,"minecraft:damage_blocked_by_shield":300,"minecraft:drop":137,"minecraft:play_noteblock":3,"minecraft:talked_to_villager":1,"minecraft:play_time":516783,"minecraft:deaths":2,"minecraft:jump":4383,"minecraft:interact_with_brewingstand":1,"minecraft:walk_on_water_one_cm":95482,"minecraft:enchant_item":8,"minecraft:interact_with_furnace":111,"minecraft:interact_with_loom":13,"minecraft:sleep_in_bed":9,"minecraft:damage_dealt":39569,"minecraft:crouch_one_cm":130443,"minecraft:interact_with_smithing_table":4,"minecraft:interact_with_anvil":2,"minecraft:mob_kills":212,"minecraft:damage_dealt_resisted":39,"minecraft:climb_one_cm":26698,"minecraft:walk_one_cm":1564375,"minecraft:sneak_time":43549,"minecraft:walk_under_water_one_cm":116968,"minecraft:boat_one_cm":565730,"minecraft:interact_with_blast_furnace":17,"minecraft:total_world_time":516783,"minecraft:interact_with_grindstone":1,"minecraft:time_since_rest":100715,"minecraft:damage_taken":5941,"minecraft:swim_one_cm":275790,"minecraft:fly_one_cm":382608,"minecraft:open_chest":383,"minecraft:fall_one_cm":93041},"minecraft:dropped":{"minecraft:clay":2,"minecraft:iron_sword":1,"minecraft:moss_block":13,"minecraft:lapis_lazuli":13,"minecraft:crafting_table":1,"minecraft:red_mushroom":6,"minecraft:item_frame":6,"minecraft:dirt":33,"alexscaves:cave_map":1,"minecraft:iron_pickaxe":2,"minecraft:white_wool":2,"minecraft:bone":3,"minecraft:gravel":9,"minecraft:cooked_chicken":2,"minecraft:cobbled_deepslate":12,"minecraft:black_carpet":6,"minecraft:soul_lantern":2,"minecraft:rotten_flesh":16,"minecraft:oak_planks":1,"minecraft:cooked_mutton":5,"alexscaves:cave_book":1,"minecraft:gunpowder":3,"minecraft:charcoal":3,"minecraft:azalea":10,"minecraft:red_nether_bricks":4,"minecraft:iron_ingot":1,"usefulbackpacks:backpack_medium":1,"gobber2:gobber2_ingot":54,"minecraft:netherite_pickaxe":1,"minecraft:wheat_seeds":5,"minecraft:mossy_cobblestone":4,"minecraft:cobblestone":66,"minecraft:book":3,"minecraft:amethyst_block":2,"minecraft:copper_ingot":9,"minecraft:spruce_door":6,"minecraft:coal":11,"minecraft:stick":8,"minecraft:diorite":3,"minecraft:brown_wool":1,"minecraft:potion":2,"minecraft:iron_leggings":1,"minecraft:wither_rose":1,"minecraft:flowering_azalea":2,"minecraft:mud":4,"minecraft:furnace":3,"minecraft:player_head":1,"minecraft:coarse_dirt":2,"minecraft:bowl":4,"minecraft:chicken":4,"minecraft:light_gray_wool":1,"minecraft:mangrove_door":4,"minecraft:filled_map":1,"minecraft:iron_chestplate":1,"minecraft:andesite":2,"minecraft:mossy_stone_bricks":8,"gobber2:gobber2_rod":1,"minecraft:stone_pickaxe":1,"minecraft:wooden_pickaxe":1,"minecraft:red_tulip":2,"minecraft:calcite":5,"minecraft:cyan_bed":1}},"DataVersion":3465}