{"stats":{"minecraft:killed":{"minecraft:zombified_piglin":2,"minecraft:witch":1,"minecraft:spider":14,"minecraft:skeleton":50,"minecraft:chicken":7,"minecraft:turtle":1,"minecraft:piglin_brute":7,"minecraft:piglin":13,"minecraft:zombie_villager":2,"minecraft:salmon":6,"minecraft:creeper":5,"minecraft:sheep":23,"minecraft:pillager":1,"minecraft:zombie":47,"minecraft:ghast":1,"minecraft:cow":19,"minecraft:husk":40,"minecraft:frog":1,"minecraft:hoglin":7,"minecraft:enderman":6},"minecraft:used":{"minecraft:iron_shovel":3,"minecraft:spruce_slab":1,"minecraft:chest":15,"minecraft:ladder":1,"gobber2:gobber2_gooey_bread":1,"minecraft:black_carpet":6,"minecraft:nether_wart":2,"minecraft:shield":8,"minecraft:iron_sword":669,"minecraft:player_head":1,"minecraft:soul_sand":2,"minecraft:carrot":2,"gobber2:gobber2_glass_nether":3,"minecraft:tuff":2,"minecraft:spruce_boat":14,"gobber2:gobber2_bow_nether":11,"gobber2:gobber2_hammer":1701,"minecraft:bow":78,"minecraft:furnace":12,"minecraft:egg":2,"minecraft:waxed_oxidized_cut_copper_slab":1,"minecraft:diorite":2,"minecraft:spruce_door":5,"minecraft:oak_planks":35,"minecraft:stone_pickaxe":177,"minecraft:gray_carpet":6,"minecraft:wooden_pickaxe":5,"minecraft:smooth_quartz_stairs":2,"minecraft:dark_oak_trapdoor":2,"alexscaves:cave_book":15,"minecraft:mangrove_door":12,"minecraft:cyan_carpet":16,"minecraft:string":1,"minecraft:bread":116,"minecraft:cyan_bed":3,"minecraft:diamond_sword":162,"gobber2:gobber2_staff_stars":218,"minecraft:chainmail_boots":1,"minecraft:smithing_table":1,"minecraft:oak_boat":4,"minecraft:enchanting_table":1,"minecraft:trident":3,"gobber2:gobber2_paxel":242,"minecraft:stone_shovel":40,"minecraft:spruce_planks":13,"minecraft:cooked_salmon":6,"minecraft:cooked_chicken":8,"minecraft:netherrack":472,"minecraft:torch":160,"minecraft:dirt":5,"minecraft:anvil":1,"minecraft:spruce_stairs":1,"minecraft:dark_oak_planks":2,"minecraft:bookshelf":15,"minecraft:iron_axe":20,"minecraft:barrel":1,"alexscaves:spelunkery_table":2,"gobber2:gobber2_sword":101,"minecraft:netherite_pickaxe":814,"minecraft:cobbled_deepslate":25,"minecraft:golden_axe":29,"minecraft:iron_leggings":1,"minecraft:calcite":10,"minecraft:cooked_mutton":11,"minecraft:water_bucket":281,"minecraft:cyan_candle":3,"minecraft:polished_blackstone_bricks":48,"minecraft:mossy_cobblestone":4,"minecraft:mangrove_trapdoor":2,"minecraft:crafting_table":15,"minecraft:white_bed":7,"minecraft:mangrove_sign":1,"minecraft:cake":7,"minecraft:dark_prismarine":3,"minecraft:diamond_pickaxe":678,"minecraft:diamond_shovel":43,"minecraft:iron_pickaxe":1016,"minecraft:leather_helmet":1,"minecraft:spruce_sapling":2,"minecraft:stone_axe":80,"minecraft:cobblestone":192,"minecraft:white_banner":1,"minecraft:cooked_porkchop":1,"minecraft:bucket":281},"minecraft:crafted":{"minecraft:oak_planks":72,"gobber2:gobber2_paxel":1,"gobber2:gobber2_leggings":1,"minecraft:cooked_chicken":11,"usefulbackpacks:backpack_small":2,"gobber2:gobber2_chestplate":1,"minecraft:bookshelf":15,"minecraft:cooked_mutton":42,"minecraft:quartz_block":61,"minecraft:diamond_helmet":1,"minecraft:bow":2,"minecraft:iron_boots":1,"gobber2:gobber2_ring_ascent":1,"minecraft:chest":6,"gobber2:gobber2_pickaxe":1,"minecraft:netherite_upgrade_smithing_template":2,"minecraft:magenta_dye":8,"minecraft:emerald":9,"gobber2:gobber2_ingot":108,"minecraft:cooked_porkchop":13,"gobber2:gobber2_glob_nether":35,"minecraft:crafting_table":5,"minecraft:spruce_planks":216,"gobber2:gobber2_hammer":1,"gobber2:gobber2_axe":1,"minecraft:wooden_pickaxe":1,"minecraft:iron_helmet":1,"minecraft:spruce_door":12,"gobber2:gobber2_bow_nether":1,"minecraft:smithing_table":1,"gobber2:gobber2_rod":12,"minecraft:copper_ingot":45,"minecraft:gold_block":7,"minecraft:iron_chestplate":2,"minecraft:paper":15,"minecraft:diamond_pickaxe":2,"minecraft:charcoal":2,"minecraft:purple_dye":2,"minecraft:shield":1,"gobber2:gobber2_ring_return":1,"minecraft:stick":80,"usefulbackpacks:backpack_large":1,"minecraft:iron_ingot":151,"minecraft:iron_pickaxe":4,"minecraft:iron_block":3,"minecraft:gold_ingot":55,"minecraft:netherite_ingot":1,"gobber2:gobber2_medallion":1,"minecraft:stone_shovel":1,"gobber2:gobber2_shovel":1,"minecraft:furnace":4,"minecraft:bone_meal":3,"alexscaves:cave_map":1,"gobber2:gobber2_helmet":1,"gobber2:gobber2_glob":36,"minecraft:diamond":27,"minecraft:iron_axe":1,"gobber2:gobber2_boots":1,"minecraft:stone_pickaxe":2,"usefulbackpacks:backpack_medium":2,"minecraft:spruce_boat":1,"minecraft:redstone_block":20,"minecraft:netherite_scrap":19,"minecraft:wheat":127,"minecraft:cooked_beef":51,"minecraft:coal_block":12,"minecraft:red_dye":5,"gobber2:gobber2_sword":1,"minecraft:magenta_bed":3,"minecraft:netherite_pickaxe":1,"minecraft:enchanting_table":1,"minecraft:mangrove_door":6,"minecraft:iron_sword":4,"gobber2:gobber2_ring":2,"minecraft:cooked_salmon":6,"gobber2:gobber2_staff_stars":2,"minecraft:mangrove_planks":40,"minecraft:stone_axe":2,"minecraft:air":0,"minecraft:bread":45,"minecraft:blue_dye":3,"minecraft:oak_boat":1,"minecraft:white_dye":2,"minecraft:iron_shovel":2,"minecraft:iron_leggings":2,"minecraft:anvil":1,"minecraft:white_bed":2,"minecraft:torch":136,"minecraft:lapis_block":36,"minecraft:diamond_chestplate":1},"minecraft:picked_up":{"minecraft:seagrass":2,"minecraft:iron_chestplate":2,"minecraft:wheat":8,"minecraft:black_carpet":18,"minecraft:chainmail_boots":1,"minecraft:flower_pot":1,"minecraft:potion":2,"minecraft:wither_rose":2,"minecraft:enchanted_book":1,"minecraft:brewing_stand":1,"minecraft:amethyst_block":6,"gobber2:gobber2_ring_return":1,"minecraft:polished_deepslate":2,"minecraft:polished_blackstone_brick_stairs":2,"minecraft:string":24,"minecraft:dark_oak_trapdoor":2,"minecraft:raw_copper":36,"minecraft:red_nether_bricks":4,"minecraft:iron_leggings":2,"gobber2:gobber2_glass_nether":3,"minecraft:beetroot":28,"minecraft:gold_nugget":68,"minecraft:cobbled_deepslate":197,"minecraft:calcite":99,"minecraft:azalea":10,"minecraft:netherite_upgrade_smithing_template":1,"minecraft:iron_pickaxe":2,"minecraft:melon_slice":17,"minecraft:coal_block":12,"minecraft:smooth_quartz_stairs":2,"minecraft:furnace":17,"minecraft:golden_helmet":2,"minecraft:stick":62,"minecraft:oak_fence":2,"minecraft:polished_deepslate_stairs":1,"minecraft:torch":12,"minecraft:spruce_stairs":1,"minecraft:porkchop":16,"minecraft:golden_axe":2,"minecraft:diorite":9,"gobber2:gobber2_foo":5,"minecraft:rotten_flesh":67,"minecraft:tropical_fish":2,"minecraft:red_tulip":2,"minecraft:mangrove_door":10,"minecraft:blackstone_stairs":1,"minecraft:obsidian":3,"minecraft:cobblestone":830,"minecraft:magma_block":42,"minecraft:feather":16,"minecraft:water_bucket":1,"minecraft:andesite":19,"minecraft:brown_wool":1,"minecraft:potato":2,"alexscaves:cave_book":1,"minecraft:flint":11,"minecraft:tuff":8,"gobber2:gobber2_gooey_bread_nether":6,"minecraft:lapis_lazuli":367,"minecraft:dirt":66,"minecraft:bone":75,"minecraft:bow":3,"gobber2:gobber2_gooey_beef":10,"minecraft:wheat_seeds":8,"minecraft:raw_gold":12,"minecraft:dark_oak_sign":1,"gobber2:gobber2_globette":538,"minecraft:mossy_stone_bricks":12,"minecraft:glowstone_dust":31,"minecraft:moss_block":19,"minecraft:oak_planks":30,"gobber2:gobber2_gooey_bread":5,"gobber2:gobber2_rod_nether":9,"minecraft:cooked_porkchop":9,"minecraft:cyan_bed":3,"minecraft:barrel":2,"minecraft:mossy_cobblestone":6,"minecraft:dark_prismarine":6,"minecraft:snout_armor_trim_smithing_template":1,"minecraft:sugar":2,"minecraft:clay":2,"minecraft:deepslate":4,"minecraft:diamond":93,"minecraft:spruce_boat":14,"minecraft:soul_lantern":3,"minecraft:cracked_polished_blackstone_bricks":49,"minecraft:bone_meal":2,"minecraft:golden_apple":4,"minecraft:emerald":4,"minecraft:bread":48,"minecraft:netherrack":2243,"gobber2:gobber2_goo":17,"minecraft:crimson_roots":8,"minecraft:mud":6,"minecraft:charcoal":15,"minecraft:coarse_dirt":3,"minecraft:crafting_table":15,"minecraft:chicken":11,"minecraft:ladder":1,"minecraft:nether_wart":4,"minecraft:clay_ball":129,"minecraft:brown_mushroom":1,"minecraft:cornflower":1,"minecraft:moss_carpet":2,"minecraft:item_frame":9,"minecraft:blackstone":111,"minecraft:cyan_carpet":16,"minecraft:deepslate_diamond_ore":6,"minecraft:dark_prismarine_stairs":1,"minecraft:beef":41,"minecraft:oak_boat":5,"minecraft:player_head":3,"minecraft:light_gray_wool":1,"minecraft:spruce_slab":1,"minecraft:sugar_cane":29,"minecraft:chest":11,"minecraft:spruce_trapdoor":2,"minecraft:egg":4,"minecraft:raw_iron":132,"minecraft:stripped_mangrove_wood":10,"minecraft:polished_blackstone_bricks":132,"minecraft:mangrove_sign":2,"minecraft:trident":1,"minecraft:carrot":19,"minecraft:redstone":53,"minecraft:netherite_pickaxe":1,"minecraft:dark_oak_planks":4,"gobber2:gobber2_globette_nether":197,"minecraft:arrow":145,"minecraft:stone_shovel":1,"minecraft:pumpkin_pie":6,"gobber2:gobber2_gooey_beef_nether":7,"minecraft:hay_block":38,"alexscaves:spelunkery_table":2,"minecraft:gold_ingot":6,"minecraft:glow_berries":2,"minecraft:mutton":37,"minecraft:white_wool":20,"minecraft:basalt":18,"minecraft:tripwire_hook":2,"gobber2:gobber2_ingot":7,"minecraft:salmon":6,"gobber2:gobber2_gooey_beefstew":8,"minecraft:leather":24,"minecraft:red_mushroom":6,"minecraft:crimson_fungus":1,"minecraft:oak_log":12,"minecraft:waxed_copper_block":1,"minecraft:ancient_debris":16,"minecraft:gunpowder":6,"minecraft:cooked_mutton":6,"minecraft:gray_carpet":7,"minecraft:iron_ingot":2,"minecraft:stone_pickaxe":1,"minecraft:cooked_chicken":2,"gobber2:gobber2_gooey_beefstew_nether":4,"minecraft:mangrove_planks":40,"minecraft:iron_sword":1,"minecraft:flowering_azalea":2,"minecraft:soul_sand":1,"minecraft:dark_oak_stairs":2,"minecraft:book":121,"minecraft:smooth_basalt":3,"minecraft:emerald_block":1,"minecraft:quartz":294,"minecraft:gravel":74,"minecraft:amethyst_shard":4,"minecraft:spruce_sapling":4,"minecraft:white_bed":8,"minecraft:spruce_log":27,"minecraft:spruce_door":4,"minecraft:spider_eye":7,"minecraft:oak_wood":6,"minecraft:slime_ball":4,"minecraft:stone_axe":1,"minecraft:iron_helmet":1,"minecraft:gray_wool":1,"alexscaves:cave_map":1,"minecraft:waxed_oxidized_cut_copper_slab":1,"minecraft:black_wool":3,"gobber2:gobber2_goo_nether":12,"minecraft:coal":189,"minecraft:ender_pearl":10},"minecraft:mined":{"minecraft:dark_oak_planks":2,"minecraft:large_amethyst_bud":1,"minecraft:dark_prismarine_stairs":1,"minecraft:spruce_planks":6,"minecraft:blackstone_stairs":1,"minecraft:white_bed":8,"minecraft:mossy_stone_brick_slab":1,"minecraft:red_nether_bricks":2,"minecraft:spruce_trapdoor":2,"minecraft:obsidian":3,"minecraft:brewing_stand":1,"minecraft:cave_vines_plant":7,"minecraft:mangrove_door":9,"minecraft:grass_block":14,"gobber2:gobber2_ore_deepslate":269,"gobber2:gobber2_lucky_block":43,"minecraft:cracked_polished_blackstone_bricks":55,"minecraft:coal_block":13,"minecraft:nether_wart":1,"minecraft:spawner":9,"minecraft:polished_blackstone_bricks":147,"minecraft:magma_block":20,"gobber2:gobber2_ore":22,"minecraft:glowstone":12,"minecraft:dark_oak_trapdoor":2,"minecraft:cobbled_deepslate":1,"minecraft:iron_ore":137,"minecraft:barrel":2,"minecraft:fire":13,"gobber2:gobber2_ore_nether":52,"minecraft:moss_carpet":1,"minecraft:black_carpet":12,"minecraft:deepslate_lapis_ore":9,"minecraft:dark_oak_stairs":2,"minecraft:red_tulip":1,"minecraft:cave_vines":11,"minecraft:potted_cornflower":1,"minecraft:azalea":11,"minecraft:stripped_mangrove_wood":11,"minecraft:player_head":2,"minecraft:spruce_slab":1,"minecraft:deepslate_redstone_ore":3,"minecraft:blackstone":88,"minecraft:polished_deepslate_stairs":1,"minecraft:crimson_nylium":30,"minecraft:amethyst_cluster":2,"minecraft:clay":32,"minecraft:torch":1,"minecraft:note_block":1,"minecraft:calcite":102,"minecraft:melon":3,"gobber2:gobber2_lucky_block_nether":35,"minecraft:chest":9,"minecraft:nether_quartz_ore":174,"minecraft:cobblestone":31,"minecraft:cyan_bed":1,"minecraft:oak_planks":13,"minecraft:sugar_cane":10,"minecraft:wall_torch":4,"minecraft:amethyst_block":4,"minecraft:mangrove_sign":1,"minecraft:mud":2,"minecraft:waxed_copper_block":2,"minecraft:wither_rose":1,"minecraft:grass":17,"minecraft:oak_log":12,"minecraft:dirt":50,"minecraft:sand":15,"minecraft:smooth_basalt":3,"minecraft:ancient_debris":5,"minecraft:netherrack":2186,"minecraft:oak_leaves":1,"minecraft:cyan_candle":1,"minecraft:deepslate":161,"minecraft:emerald_block":1,"minecraft:yellow_terracotta":1,"minecraft:diamond_ore":9,"minecraft:nether_gold_ore":14,"minecraft:dark_prismarine":6,"alexscaves:spelunkery_table":2,"minecraft:tuff":10,"minecraft:mossy_cobblestone":2,"minecraft:deepslate_diamond_ore":61,"minecraft:mangrove_wall_sign":2,"gravestone:gravestone":1,"minecraft:ladder":2,"minecraft:jungle_planks":1,"minecraft:crimson_roots":3,"minecraft:spruce_leaves":9,"minecraft:moss_block":56,"minecraft:large_fern":4,"minecraft:hay_block":38,"minecraft:redstone_ore":8,"minecraft:furnace":11,"minecraft:waxed_oxidized_cut_copper_slab":1,"minecraft:acacia_wood":13,"minecraft:andesite":22,"minecraft:peony":1,"minecraft:polished_deepslate":2,"minecraft:bookshelf":5,"minecraft:stripped_oak_log":1,"minecraft:smooth_quartz_stairs":2,"minecraft:stone":370,"minecraft:white_wool":3,"minecraft:flowering_azalea":4,"minecraft:soul_sand":4,"minecraft:basalt":19,"minecraft:spruce_door":4,"minecraft:oak_fence":2,"minecraft:crafting_table":15,"minecraft:emerald_ore":4,"minecraft:oak_wood":6,"minecraft:campfire":4,"minecraft:copper_ore":3,"minecraft:tall_grass":16,"minecraft:deepslate_coal_ore":1,"minecraft:lapis_ore":32,"minecraft:polished_blackstone_brick_stairs":2,"minecraft:diorite":9,"minecraft:big_dripleaf":1,"minecraft:spruce_stairs":1,"minecraft:black_stained_glass":1,"minecraft:purple_bed":1,"minecraft:coarse_dirt":3,"minecraft:spruce_log":18,"minecraft:birch_leaves":2,"gobber2:gobber2_lucky_block_deepslate":2,"minecraft:red_wall_banner":1,"minecraft:coal_ore":162,"minecraft:cyan_carpet":17,"minecraft:gravel":129,"minecraft:gray_carpet":9,"minecraft:cobweb":10,"minecraft:stone_bricks":1,"minecraft:mossy_stone_bricks":4,"minecraft:gold_ore":12,"minecraft:fern":2},"minecraft:killed_by":{"minecraft:piglin_brute":1,"minecraft:vindicator":1},"minecraft:broken":{"minecraft:stone_pickaxe":1,"minecraft:iron_sword":1,"minecraft:golden_axe":1,"minecraft:iron_pickaxe":3},"minecraft:custom":{"minecraft:interact_with_crafting_table":101,"minecraft:open_barrel":59,"minecraft:eat_cake_slice":9,"minecraft:leave_game":11,"minecraft:time_since_death":273977,"minecraft:sprint_one_cm":595477,"minecraft:damage_blocked_by_shield":300,"minecraft:drop":165,"minecraft:play_noteblock":3,"minecraft:talked_to_villager":1,"minecraft:play_time":667049,"minecraft:deaths":2,"minecraft:jump":5322,"minecraft:interact_with_brewingstand":1,"minecraft:walk_on_water_one_cm":106033,"minecraft:enchant_item":18,"minecraft:interact_with_furnace":125,"minecraft:interact_with_loom":14,"minecraft:sleep_in_bed":9,"minecraft:damage_dealt":48730,"minecraft:crouch_one_cm":136584,"minecraft:interact_with_smithing_table":5,"minecraft:interact_with_anvil":3,"minecraft:mob_kills":257,"minecraft:damage_dealt_resisted":39,"minecraft:climb_one_cm":28605,"minecraft:walk_one_cm":2034837,"minecraft:sneak_time":46088,"minecraft:walk_under_water_one_cm":127720,"minecraft:boat_one_cm":701585,"minecraft:interact_with_blast_furnace":17,"minecraft:total_world_time":667049,"minecraft:interact_with_grindstone":1,"minecraft:time_since_rest":250981,"minecraft:damage_taken":6577,"minecraft:swim_one_cm":281884,"minecraft:fly_one_cm":520062,"minecraft:open_chest":535,"minecraft:fall_one_cm":165997},"minecraft:dropped":{"minecraft:clay":2,"minecraft:iron_sword":1,"minecraft:moss_block":13,"minecraft:porkchop":2,"minecraft:lapis_lazuli":13,"minecraft:crafting_table":1,"minecraft:glow_berries":1,"minecraft:red_mushroom":6,"minecraft:item_frame":6,"minecraft:dirt":33,"gobber2:gobber2_goo_nether":2,"minecraft:seagrass":2,"minecraft:crimson_roots":1,"alexscaves:cave_map":1,"minecraft:iron_pickaxe":2,"gobber2:gobber2_staff_stars":1,"minecraft:white_wool":2,"minecraft:bone":3,"minecraft:gravel":9,"minecraft:cooked_chicken":2,"minecraft:cobbled_deepslate":12,"minecraft:black_carpet":6,"minecraft:soul_lantern":2,"minecraft:rotten_flesh":21,"minecraft:oak_planks":1,"minecraft:cooked_mutton":5,"gobber2:gobber2_ring_return":1,"alexscaves:cave_book":1,"minecraft:gunpowder":3,"minecraft:charcoal":3,"minecraft:azalea":10,"minecraft:red_nether_bricks":4,"minecraft:quartz":24,"minecraft:netherrack":511,"minecraft:iron_ingot":1,"usefulbackpacks:backpack_medium":1,"gobber2:gobber2_ingot":54,"minecraft:netherite_pickaxe":1,"minecraft:wheat_seeds":5,"minecraft:mossy_cobblestone":4,"minecraft:oak_fence":2,"minecraft:cobblestone":66,"minecraft:book":3,"minecraft:amethyst_block":2,"minecraft:copper_ingot":9,"minecraft:spruce_door":6,"minecraft:coal":11,"minecraft:stick":8,"minecraft:diorite":3,"minecraft:torch":1,"minecraft:brown_wool":1,"minecraft:potion":2,"minecraft:iron_leggings":1,"minecraft:wither_rose":1,"minecraft:flowering_azalea":2,"minecraft:mud":4,"minecraft:string":2,"minecraft:furnace":3,"minecraft:player_head":1,"minecraft:coarse_dirt":2,"minecraft:bowl":4,"minecraft:chicken":4,"minecraft:light_gray_wool":1,"minecraft:mangrove_door":4,"minecraft:filled_map":1,"minecraft:iron_chestplate":1,"minecraft:andesite":2,"minecraft:mossy_stone_bricks":8,"gobber2:gobber2_rod":1,"minecraft:spider_eye":2,"minecraft:bow":1,"minecraft:magenta_dye":5,"minecraft:stone_pickaxe":1,"minecraft:wooden_pickaxe":1,"minecraft:red_tulip":2,"minecraft:calcite":5,"minecraft:cyan_bed":1}},"DataVersion":3465}