{"stats":{"minecraft:picked_up":{"minecraft:iron_chestplate":1,"minecraft:wheat":8,"minecraft:black_carpet":18,"minecraft:chainmail_boots":1,"minecraft:potion":2,"minecraft:wither_rose":2,"minecraft:enchanted_book":1,"minecraft:brewing_stand":1,"minecraft:polished_deepslate":2,"minecraft:string":10,"minecraft:dark_oak_trapdoor":1,"minecraft:red_nether_bricks":4,"minecraft:iron_leggings":1,"minecraft:beetroot":28,"minecraft:calcite":36,"minecraft:azalea":4,"minecraft:iron_pickaxe":2,"minecraft:melon_slice":17,"minecraft:coal_block":12,"minecraft:smooth_quartz_stairs":2,"minecraft:furnace":16,"minecraft:stick":62,"minecraft:torch":8,"minecraft:spruce_stairs":1,"minecraft:golden_axe":1,"minecraft:diorite":7,"gobber2:gobber2_foo":5,"minecraft:rotten_flesh":45,"minecraft:red_tulip":2,"minecraft:mangrove_door":10,"minecraft:cobblestone":313,"minecraft:feather":16,"minecraft:water_bucket":1,"minecraft:andesite":2,"minecraft:brown_wool":1,"minecraft:potato":2,"alexscaves:cave_book":1,"minecraft:lapis_lazuli":240,"minecraft:dirt":40,"minecraft:bone":40,"minecraft:bow":2,"gobber2:gobber2_gooey_beef":8,"minecraft:wheat_seeds":5,"minecraft:raw_gold":12,"minecraft:mossy_stone_bricks":12,"minecraft:moss_block":3,"minecraft:oak_planks":30,"gobber2:gobber2_gooey_bread":5,"minecraft:cooked_porkchop":9,"minecraft:cyan_bed":3,"minecraft:barrel":1,"minecraft:mossy_cobblestone":6,"minecraft:dark_prismarine":3,"minecraft:sugar":2,"minecraft:diamond":16,"minecraft:spruce_boat":5,"minecraft:soul_lantern":3,"minecraft:bone_meal":2,"minecraft:golden_apple":4,"minecraft:bread":48,"minecraft:emerald":4,"minecraft:netherrack":2,"gobber2:gobber2_goo":17,"minecraft:mud":6,"minecraft:charcoal":11,"minecraft:coarse_dirt":1,"minecraft:crafting_table":12,"minecraft:chicken":11,"minecraft:clay_ball":57,"minecraft:item_frame":9,"minecraft:cyan_carpet":15,"minecraft:beef":41,"minecraft:oak_boat":5,"minecraft:player_head":3,"minecraft:spruce_slab":1,"minecraft:light_gray_wool":1,"minecraft:chest":11,"minecraft:sugar_cane":16,"minecraft:egg":4,"minecraft:raw_iron":132,"minecraft:stripped_mangrove_wood":10,"minecraft:mangrove_sign":1,"minecraft:trident":1,"minecraft:carrot":19,"minecraft:redstone":36,"minecraft:dark_oak_planks":2,"minecraft:arrow":109,"minecraft:stone_shovel":1,"minecraft:pumpkin_pie":6,"minecraft:hay_block":15,"alexscaves:spelunkery_table":2,"minecraft:gold_ingot":6,"minecraft:mutton":37,"minecraft:white_wool":17,"minecraft:tripwire_hook":1,"minecraft:salmon":6,"minecraft:leather":20,"gobber2:gobber2_gooey_beefstew":8,"minecraft:red_mushroom":6,"minecraft:oak_log":12,"minecraft:waxed_copper_block":1,"minecraft:gunpowder":6,"minecraft:cooked_mutton":6,"minecraft:gray_carpet":6,"minecraft:iron_ingot":1,"minecraft:stone_pickaxe":1,"minecraft:cooked_chicken":2,"minecraft:mangrove_planks":40,"minecraft:flowering_azalea":2,"minecraft:iron_sword":1,"minecraft:book":121,"minecraft:emerald_block":1,"minecraft:gravel":8,"minecraft:spruce_sapling":4,"minecraft:spruce_log":20,"minecraft:white_bed":8,"minecraft:oak_wood":6,"minecraft:stone_axe":1,"minecraft:gray_wool":1,"alexscaves:cave_map":1,"minecraft:black_wool":3,"minecraft:coal":174},"minecraft:used":{"minecraft:spruce_slab":1,"minecraft:black_carpet":6,"minecraft:chest":10,"gobber2:gobber2_gooey_bread":1,"minecraft:shield":4,"minecraft:iron_sword":669,"minecraft:player_head":1,"minecraft:carrot":2,"minecraft:spruce_boat":5,"minecraft:bow":43,"minecraft:furnace":12,"minecraft:egg":2,"minecraft:diorite":2,"minecraft:stone_pickaxe":177,"minecraft:gray_carpet":6,"minecraft:oak_planks":35,"minecraft:wooden_pickaxe":5,"minecraft:smooth_quartz_stairs":2,"minecraft:dark_oak_trapdoor":1,"alexscaves:cave_book":13,"minecraft:mangrove_door":12,"minecraft:cyan_bed":3,"minecraft:bread":48,"minecraft:cyan_carpet":15,"minecraft:diamond_sword":3,"minecraft:chainmail_boots":1,"minecraft:oak_boat":4,"minecraft:trident":3,"minecraft:stone_shovel":40,"minecraft:spruce_planks":13,"minecraft:cooked_salmon":6,"minecraft:cooked_chicken":7,"minecraft:torch":92,"minecraft:dirt":5,"minecraft:anvil":1,"minecraft:spruce_stairs":1,"minecraft:dark_oak_planks":2,"minecraft:iron_axe":3,"minecraft:barrel":1,"alexscaves:spelunkery_table":2,"minecraft:golden_axe":29,"minecraft:iron_leggings":1,"minecraft:calcite":10,"minecraft:cooked_mutton":11,"minecraft:water_bucket":261,"minecraft:cyan_candle":3,"minecraft:mossy_cobblestone":4,"minecraft:mangrove_trapdoor":2,"minecraft:crafting_table":12,"minecraft:white_bed":7,"minecraft:mangrove_sign":1,"minecraft:cake":7,"minecraft:dark_prismarine":3,"minecraft:iron_pickaxe":598,"minecraft:leather_helmet":1,"minecraft:spruce_sapling":2,"minecraft:stone_axe":80,"minecraft:cobblestone":116,"minecraft:white_banner":1,"minecraft:cooked_porkchop":1,"minecraft:bucket":261},"minecraft:mined":{"minecraft:large_amethyst_bud":1,"minecraft:spruce_planks":6,"minecraft:white_bed":8,"minecraft:red_nether_bricks":2,"minecraft:brewing_stand":1,"minecraft:cave_vines_plant":3,"minecraft:grass_block":10,"minecraft:mangrove_door":9,"gobber2:gobber2_lucky_block":43,"minecraft:coal_block":13,"minecraft:spawner":6,"minecraft:dark_oak_trapdoor":1,"minecraft:iron_ore":134,"minecraft:fire":5,"minecraft:barrel":1,"minecraft:black_carpet":12,"minecraft:red_tulip":1,"minecraft:cave_vines":6,"minecraft:azalea":6,"minecraft:stripped_mangrove_wood":11,"minecraft:player_head":2,"minecraft:spruce_slab":1,"minecraft:amethyst_cluster":1,"minecraft:clay":7,"minecraft:note_block":1,"minecraft:calcite":39,"minecraft:melon":3,"minecraft:chest":9,"minecraft:cobblestone":12,"minecraft:cyan_bed":1,"minecraft:sugar_cane":5,"minecraft:oak_planks":13,"minecraft:wall_torch":1,"minecraft:mud":2,"minecraft:mangrove_sign":1,"minecraft:waxed_copper_block":2,"minecraft:wither_rose":1,"minecraft:grass":7,"minecraft:oak_log":12,"minecraft:sand":15,"minecraft:dirt":17,"minecraft:netherrack":3,"minecraft:oak_leaves":1,"minecraft:cyan_candle":1,"minecraft:emerald_block":1,"minecraft:dark_prismarine":3,"minecraft:yellow_terracotta":1,"alexscaves:spelunkery_table":2,"minecraft:diamond_ore":9,"minecraft:mossy_cobblestone":2,"minecraft:deepslate_diamond_ore":7,"minecraft:mangrove_wall_sign":1,"minecraft:jungle_planks":1,"minecraft:spruce_leaves":8,"minecraft:moss_block":39,"minecraft:large_fern":4,"minecraft:hay_block":15,"minecraft:redstone_ore":8,"minecraft:furnace":10,"minecraft:acacia_wood":13,"minecraft:andesite":3,"minecraft:peony":1,"minecraft:polished_deepslate":2,"minecraft:bookshelf":5,"minecraft:stripped_oak_log":1,"minecraft:smooth_quartz_stairs":2,"minecraft:stone":227,"minecraft:flowering_azalea":3,"minecraft:crafting_table":12,"minecraft:emerald_ore":4,"minecraft:oak_wood":6,"minecraft:campfire":4,"minecraft:tall_grass":7,"minecraft:deepslate_coal_ore":1,"minecraft:lapis_ore":32,"minecraft:diorite":7,"minecraft:spruce_stairs":1,"minecraft:purple_bed":1,"minecraft:black_stained_glass":1,"minecraft:coarse_dirt":1,"minecraft:spruce_log":11,"minecraft:birch_leaves":2,"minecraft:red_wall_banner":1,"minecraft:coal_ore":159,"minecraft:gravel":1,"minecraft:cyan_carpet":16,"minecraft:gray_carpet":9,"minecraft:cobweb":10,"minecraft:stone_bricks":1,"minecraft:mossy_stone_bricks":4,"minecraft:gold_ore":12,"minecraft:fern":2},"minecraft:dropped":{"minecraft:iron_sword":1,"minecraft:moss_block":3,"minecraft:lapis_lazuli":13,"minecraft:crafting_table":1,"minecraft:red_mushroom":6,"minecraft:item_frame":6,"minecraft:dirt":24,"alexscaves:cave_map":1,"minecraft:iron_pickaxe":2,"minecraft:white_wool":2,"minecraft:gravel":6,"minecraft:cooked_chicken":2,"minecraft:black_carpet":6,"minecraft:soul_lantern":2,"minecraft:rotten_flesh":10,"minecraft:oak_planks":1,"minecraft:cooked_mutton":5,"alexscaves:cave_book":1,"minecraft:gunpowder":3,"minecraft:charcoal":3,"minecraft:azalea":4,"minecraft:red_nether_bricks":4,"usefulbackpacks:backpack_medium":1,"minecraft:iron_ingot":1,"minecraft:wheat_seeds":2,"minecraft:mossy_cobblestone":4,"minecraft:cobblestone":66,"minecraft:book":3,"minecraft:copper_ingot":9,"minecraft:coal":11,"minecraft:stick":8,"minecraft:diorite":1,"minecraft:brown_wool":1,"minecraft:potion":2,"minecraft:iron_leggings":1,"minecraft:wither_rose":1,"minecraft:flowering_azalea":2,"minecraft:mud":4,"minecraft:furnace":3,"minecraft:player_head":1,"minecraft:bowl":4,"minecraft:chicken":4,"minecraft:light_gray_wool":1,"minecraft:mangrove_door":4,"minecraft:filled_map":1,"minecraft:iron_chestplate":1,"minecraft:andesite":2,"minecraft:mossy_stone_bricks":8,"minecraft:stone_pickaxe":1,"minecraft:wooden_pickaxe":1,"minecraft:red_tulip":2,"minecraft:cyan_bed":1},"minecraft:crafted":{"minecraft:oak_planks":72,"minecraft:cooked_chicken":11,"usefulbackpacks:backpack_small":2,"minecraft:cooked_mutton":15,"minecraft:bow":1,"minecraft:iron_boots":1,"minecraft:chest":1,"minecraft:emerald":9,"minecraft:cooked_porkchop":13,"minecraft:crafting_table":4,"minecraft:spruce_planks":60,"minecraft:wooden_pickaxe":1,"minecraft:iron_helmet":1,"minecraft:copper_ingot":9,"minecraft:iron_chestplate":2,"minecraft:paper":12,"minecraft:charcoal":2,"minecraft:shield":1,"minecraft:stick":76,"usefulbackpacks:backpack_large":1,"minecraft:iron_ingot":133,"minecraft:iron_pickaxe":4,"minecraft:iron_block":3,"minecraft:gold_ingot":12,"minecraft:stone_shovel":1,"minecraft:furnace":4,"alexscaves:cave_map":1,"minecraft:diamond":9,"minecraft:iron_axe":1,"minecraft:stone_pickaxe":2,"usefulbackpacks:backpack_medium":2,"minecraft:spruce_boat":1,"minecraft:redstone_block":4,"minecraft:wheat":127,"minecraft:cooked_beef":10,"minecraft:coal_block":12,"minecraft:mangrove_door":6,"minecraft:iron_sword":4,"minecraft:cooked_salmon":6,"minecraft:mangrove_planks":40,"minecraft:stone_axe":2,"minecraft:bread":45,"minecraft:air":0,"minecraft:oak_boat":1,"minecraft:iron_shovel":1,"minecraft:iron_leggings":2,"minecraft:anvil":1,"minecraft:white_bed":1,"minecraft:torch":124,"minecraft:lapis_block":22},"minecraft:killed_by":{"minecraft:vindicator":1},"minecraft:custom":{"minecraft:interact_with_crafting_table":51,"minecraft:open_barrel":50,"minecraft:eat_cake_slice":9,"minecraft:leave_game":5,"minecraft:time_since_death":213285,"minecraft:sprint_one_cm":265328,"minecraft:damage_blocked_by_shield":125,"minecraft:drop":109,"minecraft:play_noteblock":3,"minecraft:talked_to_villager":1,"minecraft:play_time":313721,"minecraft:deaths":1,"minecraft:jump":2099,"minecraft:interact_with_brewingstand":1,"minecraft:walk_on_water_one_cm":76237,"minecraft:interact_with_furnace":99,"minecraft:interact_with_loom":10,"minecraft:sleep_in_bed":7,"minecraft:damage_dealt":30387,"minecraft:crouch_one_cm":23959,"minecraft:mob_kills":163,"minecraft:interact_with_anvil":1,"minecraft:damage_dealt_resisted":39,"minecraft:climb_one_cm":26023,"minecraft:walk_one_cm":974144,"minecraft:sneak_time":10492,"minecraft:walk_under_water_one_cm":92455,"minecraft:boat_one_cm":524645,"minecraft:interact_with_blast_furnace":17,"minecraft:total_world_time":313721,"minecraft:interact_with_grindstone":1,"minecraft:time_since_rest":14989,"minecraft:damage_taken":4018,"minecraft:swim_one_cm":217311,"minecraft:fly_one_cm":197631,"minecraft:open_chest":192,"minecraft:fall_one_cm":37248},"minecraft:killed":{"minecraft:witch":1,"minecraft:spider":4,"minecraft:skeleton":26,"minecraft:chicken":7,"minecraft:zombie_villager":2,"minecraft:salmon":6,"minecraft:creeper":4,"minecraft:sheep":23,"minecraft:pillager":1,"minecraft:zombie":29,"minecraft:cow":19,"minecraft:husk":40,"minecraft:frog":1},"minecraft:broken":{"minecraft:stone_pickaxe":1,"minecraft:iron_sword":1,"minecraft:golden_axe":1,"minecraft:iron_pickaxe":1}},"DataVersion":3465}